Index,Affluenza,Anomalous
1,1,1
1,0,1
1,0.299890843,1
1,0.195044014,1
1,0.198812234,1
1,0.194608629,1
1,0.195873222,1
1,0,1
1,0.583615184,1
1,0.653947166,1
1,0.659252614,1
1,0.658227683,1
1,0.657949626,1
1,0.658153973,1
1,0.659845219,1
1,0.653915704,1
1,0.659571343,1
1,0.662061246,1
1,0.662021517,1
1,0.623036198,1
1,0.66096315,1
1,0.330982539,1
2,0.231141759,1
2,0.011123882,0
2,0.010476928,0
2,0.091583062,0
2,0.412114195,0
2,0.481716537,0
2,0.488836781,0
2,0.469054249,0
2,0.480199707,0
2,0.475045932,0
2,0.451348828,0
2,0.470312201,0
2,0.489157337,0
2,0.477206275,0
2,0.478211228,0
2,0.796294034,0
2,0.999991612,0
2,1,0
2,0.987556703,0
2,0.744305585,0
2,0.464342317,0
2,0.317293995,0
2,0.139459474,0
3,0,0
3,0.180894764,0
3,0.179121351,0
3,0.259688229,0
3,0.523400975,0
3,0.71870282,0
3,0.71537609,0
3,0.56949775,0
3,0.573624922,0
3,0.575921309,0
3,0.575847457,0
3,0.576383635,0
3,0.578802716,0
3,0.574313648,0
3,0.585761064,0
3,0.826930285,0
3,0.999450446,0
3,1,0
3,1,0
3,0.997817339,0
3,0.772372593,0
3,0.461212208,0
3,0,0
4,0.226510224,0
4,0.013259266,0
4,0.011734068,0
4,0.074917175,0
4,0.334623396,0
4,0.482466397,0
4,0.485853299,0
4,0.484902056,0
4,0.475944882,0
4,0.483440983,0
4,0.481498633,0
4,0.470110447,0
4,0.483831827,0
4,0.454086663,0
4,0.478784777,0
4,0.785790667,0
4,0.996539761,0
4,1,0
4,1,0
4,0.999842546,0
4,0.695628685,0
4,0.329589581,0
4,0.141355123,0
5,0,0
5,0.000431279,0
5,0,0
5,0.073301772,0
5,0.347565055,0
5,0.469010094,0
5,0.478701872,0
5,0.478418198,0
5,0.455285623,0
5,0.477261892,0
5,0.455598588,0
5,0.468793811,0
5,0.478417831,0
5,0.419580862,0
5,0.480139384,0
5,0.717256618,0
5,0.974821273,0
5,1,0
5,1,0
5,1,0
5,0.957489889,0
5,0.673245635,0
5,0.394636735,0
6,0.130441027,0
6,0.181233437,0
6,0.181228927,0
6,0.274471484,0
6,0.647636353,0
6,0.713988252,0
6,0.71870282,0
6,0.71870282,0
6,0.594394332,0
6,0.575099832,0
6,0.582850337,0
6,0.684894763,0
6,0.693788333,0
6,0.570798365,0
6,0.632251067,0
6,0.877666971,0
6,1,0
6,1,0
6,1,0
6,1,0
6,0.786571966,0
6,0.567841305,0
6,0,0
7,0.23786702,0
7,0.180991582,0
7,0.180097745,0
7,0.248268178,0
7,0.464878391,0
7,0.570180656,0
7,0.571007717,0
7,0.571129217,0
7,0.57607941,0
7,0.576776027,0
7,0.576353205,0
7,0.575027756,0
7,0.571207482,0
7,0.524995897,0
7,0.544571663,0
7,0.798026549,0
7,0.995908916,0
7,1,0
7,1,0
7,0.999836523,0
7,0.794739307,0
7,0.482264463,0
7,0,0
8,0.230620271,0
8,0.176611595,0
8,0.175840388,0
8,0.255555306,0
8,0.501617838,0
8,0.684498335,0
8,0.71870282,0
8,0.557936784,0
8,0.574637361,0
8,0.576219733,0
8,0.576023007,0
8,0.57763468,0
8,0.576385328,0
8,0.56050419,0
8,0.540553078,0
8,0.828444998,0
8,0.998992697,0
8,1,0
8,1,0
8,1,0
8,0.756494728,0
8,0.478808408,0
8,0,0
9,0.287481128,0
9,0.180409664,0
9,0.179439722,0
9,0.241239421,0
9,0.443333103,0
9,0.578416217,0
9,0.574261696,0
9,0.572237678,0
9,0.558010282,0
9,0.574962256,0
9,0.570254771,0
9,0.571562611,0
9,0.532659117,0
9,0.574962256,0
9,0.498004455,0
9,0.74288341,0
9,0.920145513,0
9,1,0
9,1,0
9,1,0
9,0.999917255,0
9,0.75974721,0
9,0.51033039,0
10,0,0
10,0.172869682,1
10,0.18427293,1
10,0.180068396,1
10,0.200361018,1
10,0,1
10,0.484419233,1
10,0.561061611,1
10,0.564391264,1
10,0.762926992,1
10,0.813266984,1
10,0.818590485,1
10,0.84473188,1
10,0.797154793,1
10,0.774383505,1
10,0.989191438,1
10,1,1
10,0.999978256,1
10,0.978981976,1
10,0.793741515,1
10,0.568364016,1
10,0.448341164,1
10,0.287481128,1
11,0.174829967,1
11,0.180542792,0
11,0.17866358,0
11,0.257729143,0
11,0.531775781,0
11,0.742995355,0
11,0.748430789,0
11,0.561093233,0
11,0.573308954,0
11,0.57796586,0
11,0.576418013,0
11,0.574881928,0
11,0.576345271,0
11,0.572535327,0
11,0.594248918,0
11,0.862601996,0
11,0.999880128,0
11,0.999880128,0
11,0.999880128,0
11,1,0
11,0.79032074,0
11,0.490113066,0
11,0,0
12,0.279499067,0
12,0.180543094,0
12,0.179445372,0
12,0.246937358,0
12,0.497995297,0
12,0.58826974,0
12,0.71870282,0
12,0.565107125,0
12,0.57255215,0
12,0.572010685,0
12,0.574242344,0
12,0.577444066,0
12,0.575746133,0
12,0.553693554,0
12,0.562102499,0
12,0.785459831,0
12,0.998153547,0
12,1,0
12,1,0
12,1,0
12,0.851586483,0
12,0.495967527,0
12,0,0
13,0.245163934,0
13,0.181133349,0
13,0.180976651,0
13,0.221740888,0
13,0.431409969,0
13,0.575938656,0
13,0.574651902,0
13,0.569877049,0
13,0.535433375,0
13,0.568735801,0
13,0.574962256,0
13,0.574962256,0
13,0.530155038,0
13,0.574962256,0
13,0.489004381,0
13,0.751542316,0
13,0.933153783,0
13,1,0
13,1,0
13,1,0
13,0.999902183,0
13,0.789522561,0
13,0.527413825,0
14,0,0
14,0.158485507,1
14,0.172347568,1
14,0.431221692,1
14,0.751018559,1
14,0.975739634,1
14,1,1
14,0.971111994,1
14,0.862443384,1
14,0.860541508,1
14,0.862443384,1
14,0.757730227,1
14,0.54657014,1
14,0.498132567,1
14,0.574403195,1
14,0.574962256,1
14,0.574962256,1
14,0,1
14,0,1
14,0.227760798,1
14,0.184875226,1
14,0.181359607,1
14,0.181357212,1
15,0.181356337,1
15,0.181356337,1
15,0.181356337,1
15,0.181354517,1
15,0.181347182,1
15,0.181190535,1
15,0.177700758,1
15,0.162630259,1
15,0,1
15,0,1
15,0,1
15,0.568469803,1
15,0.574962256,1
15,0.545302644,1
15,0.734069348,1
15,0.862443384,1
15,1,1
15,1,1
15,1,1
15,1,1
15,0.80864292,1
15,0.526112077,1
15,0,1
16,0.287481128,1
16,0.181335198,0
16,0.180668635,0
16,0.2536321,0
16,0.487112137,0
16,0.573416539,0
16,0.563520477,0
16,0.560919104,0
16,0.547067011,0
16,0.572263206,0
16,0.555750434,0
16,0.563714693,0
16,0.572731045,0
16,0.571959942,0
16,0.561465749,0
16,0.782432894,0
16,0.978202652,0
16,1,0
16,1,0
16,1,0
16,0.807432928,0
16,0.489532231,0
16,0,0
17,0.231627463,0
17,0.180859585,0
17,0.179774978,0
17,0.24413346,0
17,0.467883098,0
17,0.568324353,0
17,0.571828062,0
17,0.575073492,0
17,0.567901517,0
17,0.563492302,0
17,0.573864406,0
17,0.575645605,0
17,0.575395151,0
17,0.564295856,0
17,0.553199022,0
17,0.781733854,0
17,0.973502396,0
17,1,0
17,1,0
17,1,0
17,1,0
17,0.790573102,0
17,0.473689894,0
18,0,0
18,0.006736051,0
18,0,0
18,0.032134336,0
18,0.312375682,0
18,0.472163057,0
18,0.469657081,0
18,0.660440612,0
18,0.658228964,0
18,0.498593206,0
18,0.486972052,0
18,0.485904065,0
18,0.480662892,0
18,0.48486787,0
18,0.512567388,0
18,0.834303693,0
18,1,0
18,1,0
18,1,0
18,0.999955162,0
18,0.633048572,0
18,0.342869348,0
18,0.137217619,0
19,0.018428706,0
19,0.001749178,0
19,0,0
19,0.07607225,0
19,0.403247684,0
19,0.451889877,0
19,0.48096789,0
19,0.483465739,0
19,0.48491545,0
19,0.482837148,0
19,0.481129427,0
19,0.48114913,0
19,0.480880326,0
19,0.408448997,0
19,0.463184154,0
19,0.761906683,0
19,0.983759761,0
19,1,0
19,1,0
19,1,0
19,0.74171614,0
19,0.338656344,0
19,0.131018252,0
20,0.007547654,0
20,0.181256191,0
20,0.181173891,0
20,0.238513922,0
20,0.471271786,0
20,0.568287328,0
20,0.574897471,0
20,0.572684973,0
20,0.570025281,0
20,0.568498779,0
20,0.573802313,0
20,0.56932831,0
20,0.571913052,0
20,0.50299744,0
20,0.481191532,0
20,0.708639367,0
20,0.791610885,0
20,0.9996175,0
20,1,0
20,1,0
20,0.866077418,0
20,0.481822002,0
20,0,0
21,0.224178164,0
21,0.181246199,0
21,0.180214128,0
21,0.226727356,0
21,0.466060133,0
21,0.558539023,0
21,0.57248968,0
21,0.542271376,0
21,0.574435802,0
21,0.535310759,0
21,0.566931194,0
21,0.574962256,0
21,0.574962256,0
21,0.574962256,0
21,0.490965426,0
21,0.775890959,0
21,0.862443384,0
21,0.999848329,0
21,1,0
21,1,0
21,0.998159992,0
21,0.736165525,0
21,0.475525629,0
22,0,0
22,0.001960448,0
22,0,0
22,0.100641452,0
22,0.398682597,0
22,0.490448666,0
22,0.657124926,0
22,0.486534039,0
22,0.479828515,0
22,0.484569919,0
22,0.482761794,0
22,0.482739692,0
22,0.484769185,0
22,0.482866238,0
22,0.504528584,0
22,0.843855129,0
22,1,0
22,1,0
22,1,0
22,0.991079373,0
22,0.501838961,0
22,0.332681736,0
22,0.131505832,0
23,0.000588885,0
23,0.001538435,0
23,0,0
23,0.092645225,0
23,0.382163556,0
23,0.470030688,0
23,0.487703634,0
23,0.47086836,0
23,0.483660638,0
23,0.479849461,0
23,0.479587754,0
23,0.479485047,0
23,0.475483207,0
23,0.47211573,0
23,0.450757697,0
23,0.775123949,0
23,0.994625475,0
23,1,0
23,1,0
23,1,0
23,0.746282288,0
23,0.333613388,0
23,0.131221028,0
24,0.017007376,0
24,0.181176346,0
24,0.180339386,0
24,0.244400815,0
24,0.463805282,0
24,0.566485211,0
24,0.570799797,0
24,0.563450038,0
24,0.569532897,0
24,0.573672977,0
24,0.57153975,0
24,0.570313506,0
24,0.564756225,0
24,0.519410756,0
24,0.515490607,0
24,0.79137883,0
24,0.957080676,0
24,1,0
24,1,0
24,1,0
24,0.949376528,0
24,0.471930547,0
24,0,0
25,0.259814879,0
25,0.000859475,0
25,0,0
25,0.055599329,0
25,0.320578558,0
25,0.475890514,0
25,0.483922596,0
25,0.461800581,0
25,0.449919928,0
25,0.447340747,0
25,0.466929981,0
25,0.478542444,0
25,0.446336397,0
25,0.481497647,0
25,0.361100079,0
25,0.738048939,0
25,0.832195069,0
25,0.997684945,0
25,1,0
25,1,0
25,1,0
25,0.922060512,0
25,0.407623725,0
26,0.357868849,0
26,0.165800655,1
26,0.182777052,1
26,0.175446081,1
26,0.19253308,1
26,0,1
26,0.55156096,1
26,0.565628723,1
26,0.573038709,1
26,0.706397657,1
26,0.71870282,1
26,0.71870282,1
26,0.71870282,1
26,0.668364374,1
26,0.722959302,1
26,0.885421006,1
26,1,1
26,1,1
26,0.956821481,1
26,0.82747835,1
26,0.593696173,1
26,0.492415861,1
26,0.287481128,1
27,0.194778943,1
27,0.181084979,0
27,0.180890573,0
27,0.173631128,0
27,0,0
27,0.484771804,0
27,0.551399687,0
27,0.574210898,0
27,0.573416248,0
27,0.572905813,0
27,0.568977962,0
27,0.573782758,0
27,0.572287778,0
27,0.534634908,0
27,0.56583111,0
27,0.786805858,0
27,0.996013185,0
27,1,0
27,1,0
27,1,0
27,0.800037578,0
27,0.5134772,0
27,0,0
28,0.20027607,0
28,0.002211035,0
28,0,0
28,0.069387368,0
28,0.346903961,0
28,0.478494313,0
28,0.48254511,0
28,0.479381569,0
28,0.477871911,0
28,0.478678879,0
28,0.474441071,0
28,0.473982517,0
28,0.475567318,0
28,0.410310978,0
28,0.428031826,0
28,0.721804431,0
28,0.889246676,0
28,1,0
28,1,0
28,1,0
28,0.955892742,0
28,0.437608656,0
28,0.306877646,0
29,0.112110873,0
29,0.179313154,0
29,0.180719727,0
29,0.221914332,0
29,0.431215767,0
29,0.558638661,0
29,0.577320867,0
29,0.5617929,0
29,0.562920003,0
29,0.561849419,0
29,0.561716287,0
29,0.57109809,0
29,0.522924986,0
29,0.574954356,0
29,0.499825503,0
29,0.730294608,0
29,0.861860281,0
29,0.999467101,0
29,0.99998626,0
29,0.99998626,0
29,1,0
29,0.784615561,0
29,0.439874623,0
30,0,0
30,0.005326271,0
30,0.003014721,0
30,0.089021288,0
30,0.348491669,0
30,0.460264872,0
30,0.481188865,0
30,0.484375287,0
30,0.478008845,0
30,0.480529728,0
30,0.485278793,0
30,0.486809535,0
30,0.485642158,0
30,0.486949861,0
30,0.482536641,0
30,0.822188613,0
30,0.999903115,0
30,0.999903115,0
30,0.999903115,0
30,1,0
30,0.62734919,0
30,0.357039205,0
30,0.134713904,0
31,0,0
31,0.00105162,0
31,0,0
31,0.083931272,0
31,0.391314265,0
31,0.457236495,0
31,0.471376306,0
31,0.482321715,0
31,0.481536627,0
31,0.482349588,0
31,0.479034767,0
31,0.48299444,0
31,0.481127769,0
31,0.477481438,0
31,0.478482056,0
31,0.762226366,0
31,0.993326792,0
31,1,0
31,1,0
31,1,0
31,0.791440193,0
31,0.33296439,0
31,0.130487061,0
32,0.003335691,0
32,0.180570711,0
32,0.179935605,0
32,0.252580055,0
32,0.508018036,0
32,0.567424671,0
32,0.57587011,0
32,0.576991235,0
32,0.574343885,0
32,0.574052916,0
32,0.571447034,0
32,0.571748401,0
32,0.570606388,0
32,0.504484964,0
32,0.496644901,0
32,0.772682919,0
32,0.916696269,0
32,1,0
32,1,0
32,1,0
32,0.973529527,0
32,0.479648559,0
32,0,0
33,0.259583753,0
33,0.177144155,0
33,0.179484239,0
33,0.24544401,0
33,0.45544227,0
33,0.569192552,0
33,0.568120724,0
33,0.571335901,0
33,0.570263638,0
33,0.567653072,0
33,0.571464302,0
33,0.573643208,0
33,0.546096061,0
33,0.574962256,0
33,0.485013739,0
33,0.749542394,0
33,0.912715073,0
33,1,0
33,1,0
33,1,0
33,1,0
33,0.786099919,0
33,0.46786551,0
34,0,0
34,0.003906203,0
34,0,0
34,0.086988397,0
34,0.358540917,0
34,0.472406138,0
34,0.485932007,0
34,0.480974813,0
34,0.487774238,0
34,0.478256664,0
34,0.484961796,0
34,0.485313057,0
34,0.481537494,0
34,0.481390595,0
34,0.482785227,0
34,0.792625749,0
34,1,0
34,1,0
34,1,0
34,0.998979125,0
34,0.748022304,0
34,0.34034622,0
34,0.133281814,0
35,0.0029838,0
35,0.181223301,0
35,0.180979218,0
35,0.251789988,0
35,0.485422958,0
35,0.571430515,0
35,0.578408896,0
35,0.572322963,0
35,0.576038899,0
35,0.5764272,0
35,0.57780374,0
35,0.576714793,0
35,0.575020361,0
35,0.548013127,0
35,0.544619076,0
35,0.606449783,0
35,0.830386311,0
35,0.99951354,0
35,1,0
35,1,0
35,0.796067117,0
35,0.432682746,0
35,0,0
36,0.201996593,0
36,0.18116294,0
36,0.180435446,0
36,0.249367952,0
36,0.475628179,0
36,0.571436381,0
36,0.57432344,0
36,0.576498608,0
36,0.56821451,0
36,0.566531054,0
36,0.562369551,0
36,0.559250267,0
36,0.529639924,0
36,0.574962256,0
36,0.49353103,0
36,0.715313677,0
36,0.872210344,0
36,1,0
36,1,0
36,1,0
36,0.932973305,0
36,0.503495505,0
36,0,0
37,0.223440036,0
37,0.18061318,0
37,0.179828253,0
37,0.249571504,0
37,0.491407324,0
37,0.56801954,0
37,0.572519398,0
37,0.575538928,0
37,0.533644617,0
37,0.574505734,0
37,0.574962256,0
37,0.573120731,0
37,0.56605104,0
37,0.565858222,0
37,0.476612854,0
37,0.733713485,0
37,0.863201879,0
37,0.999067246,0
37,1,0
37,1,0
37,0.999468245,0
37,0.79817372,0
37,0.483415324,0
38,0,0
38,0.178329426,0
38,0.174958767,0
38,0.269537942,0
38,0.546264167,0
38,0.638859628,0
38,0.718743944,0
38,0.597614125,0
38,0.567735674,0
38,0.569504944,0
38,0.573553301,0
38,0.575771315,0
38,0.571976472,0
38,0.573022119,0
38,0.600562148,0
38,0.86244592,0
38,1,0
38,1,0
38,1,0
38,0.999999337,0
38,0.822112808,0
38,0.439961598,0
38,0,0
39,0.22335132,0
39,0.181543603,0
39,0.180582797,0
39,0.234759732,0
39,0.457104761,0
39,0.573534413,0
39,0.578233469,0
39,0.573431192,0
39,0.566678446,0
39,0.566259612,0
39,0.566456448,0
39,0.567403785,0
39,0.565303287,0
39,0.533459184,0
39,0.557426193,0
39,0.828151099,0
39,0.96111861,0
39,1,0
39,1,0
39,1,0
39,0.800679085,0
39,0.50900732,0
39,0,0
40,0.210860058,0
40,0.177418436,0
40,0.176461311,0
40,0.236185904,0
40,0.47088973,0
40,0.57221787,0
40,0.573694893,0
40,0.574725734,0
40,0.575083125,0
40,0.574244689,0
40,0.571842508,0
40,0.571612761,0
40,0.571773367,0
40,0.513822075,0
40,0.507247108,0
40,0.751031949,0
40,0.903428091,0
40,1,0
40,1,0
40,1,0
40,0.998981417,0
40,0.746840116,0
40,0.437678302,0
41,0,0
41,0.000998416,0
41,0,0
41,0.037221756,0
41,0.325738949,0
41,0.462160234,0
41,0.480599576,0
41,0.478349443,0
41,0.47214261,0
41,0.475681976,0
41,0.474745654,0
41,0.460250958,0
41,0.454272084,0
41,0.481750777,0
41,0.333530123,0
41,0.629488286,0
41,0.823060404,0
41,0.999996425,0
41,1,0
41,1,0
41,1,0
41,0.87615604,0
41,0.51718005,0
42,0.333265649,0
42,0.001699583,0
42,0,0
42,0.098222072,0
42,0.446442084,0
42,0.588935399,0
42,0.780185669,0
42,0.65665487,0
42,0.474302894,0
42,0.475366365,0
42,0.468839592,0
42,0.471029739,0
42,0.477772883,0
42,0.481119235,0
42,0.476344957,0
42,0.794713531,0
42,1,0
42,1,0
42,1,0
42,0.997820614,0
42,0.735624649,0
42,0.353503096,0
42,0.131859941,0
43,0.018456359,0
43,0.180652877,0
43,0.17961119,0
43,0.215513415,0
43,0.431221692,0
43,0.560331047,0
43,0.574086536,0
43,0.507162106,0
43,0.574962256,0
43,0.574962256,0
43,0.571643161,0
43,0.574962256,0
43,0.574962256,0
43,0.574962256,0
43,0.500492407,0
43,0.717676889,0
43,0.880719093,0
43,1,0
43,1,0
43,1,0
43,0.996997228,0
43,0.666589563,0
43,0.431221692,0
44,0,0
44,0.171057846,0
44,0.178883072,0
44,0.228245426,0
44,0.447469997,0
44,0.569277073,0
44,0.571385257,0
44,0.572321673,0
44,0.572864512,0
44,0.568588385,0
44,0.563735202,0
44,0.568212891,0
44,0.567523693,0
44,0.561875185,0
44,0.497240166,0
44,0.776711678,0
44,0.930952409,0
44,1,0
44,1,0
44,1,0
44,0.86532808,0
44,0.522349324,0
44,0,0
45,0.20695633,0
45,0.181131287,0
45,0.180363078,0
45,0.224169596,0
45,0.431206068,0
45,0.555274081,0
45,0.576059993,0
45,0.557568558,0
45,0.574941424,0
45,0.57432723,0
45,0.574941424,0
45,0.573179251,0
45,0.561471612,0
45,0,0
45,0.433543492,0
45,0.607524973,0
45,0.78143864,0
45,0.99819385,0
45,0.999963768,0
45,0.999963768,0
45,1,0
45,0.789001599,0
45,0.436901381,0
46,0,0
46,0.003183073,0
46,0,0
46,0.098580138,0
46,0.436002271,0
46,0.518943793,0
46,0.657678854,0
46,0.452074479,0
46,0.48168248,0
46,0.481772495,0
46,0.481350198,0
46,0.480048709,0
46,0.480884464,0
46,0.479440254,0
46,0.464645218,0
46,0.768173356,0
46,0.99367303,0
46,1,0
46,1,0
46,0.998703847,0
46,0.647882093,0
46,0.354303433,0
46,0.132908917,0
47,0.005611029,0
47,0.181011468,0
47,0.179826966,0
47,0.244039457,0
47,0.482960027,0
47,0.5872163,0
47,0.649781855,0
47,0.558758742,0
47,0.574726645,0
47,0.574722816,0
47,0.573184135,0
47,0.574254374,0
47,0.574318384,0
47,0.539050914,0
47,0.554640947,0
47,0.744024349,0
47,0.96965641,0
47,1,0
47,1,0
47,1,0
47,0.806809471,0
47,0.508203564,0
47,0,0
48,0.265187962,0
48,0.181384898,0
48,0.1802306,0
48,0.235524959,0
48,0.446671769,0
48,0.576192211,0
48,0.574962525,0
48,0.57197929,0
48,0.549172684,0
48,0.566882273,0
48,0.562589391,0
48,0.571407887,0
48,0.576081889,0
48,0.495826036,0
48,0.515585089,0
48,0.732573026,0
48,0.862443384,0
48,1,0
48,1,0
48,1,0
48,0.86104335,0
48,0.480793766,0
48,0,0
49,0.215664989,0
49,0.000823809,0
49,0,0
49,0.05545929,0
49,0.30600004,0
49,0.480688062,0
49,0.481082008,0
49,0.480051186,0
49,0.475410678,0
49,0.47416415,0
49,0.470704075,0
49,0.469633939,0
49,0.3968337,0
49,0.48138638,0
49,0.30600004,0
49,0.47635731,0
49,0.683899408,0
49,0.832159059,0
49,0.997347323,0
49,1,0
49,0.999981259,0
49,0.736667582,0
49,0.40742926,0
50,0.30600004,0
50,0.181076381,0
50,0.178892859,0
50,0.258379292,0
50,0.574821808,0
50,0.75447619,0
50,0.823240919,0
50,0.71942939,0
50,0.56226036,0
50,0.575276151,0
50,0.575336486,0
50,0.571320997,0
50,0.570518028,0
50,0.574373977,0
50,0.603973319,0
50,0.860116561,0
50,0.99995623,0
50,1,0
50,1,0
50,0.999994194,0
50,0.789250643,0
50,0.506639354,0
50,0,0
51,0.221958564,0
51,0.180604874,0
51,0.179409948,0
51,0.238444743,0
51,0.49174863,0
51,0.56705042,0
51,0.577120284,0
51,0.573088624,0
51,0.558282905,0
51,0.556687428,0
51,0.570305543,0
51,0.572132016,0
51,0.555963002,0
51,0.495686518,0
51,0.490423287,0
51,0.718208952,0
51,0.862443384,0
51,0.999712158,0
51,1,0
51,0.996204678,0
51,0.803727596,0
51,0.480077985,0
51,0,0
52,0.234830319,0
52,0.001841255,0
52,0,0
52,0.085513904,0
52,0.367845295,0
52,0.4756175,0
52,0.483501303,0
52,0.478132966,0
52,0.480883454,0
52,0.479600043,0
52,0.480458434,0
52,0.481773884,0
52,0.47735888,0
52,0.450374606,0
52,0.403568994,0
52,0.722027555,0
52,0.950909359,0
52,1,0
52,1,0
52,1,0
52,0.995413691,0
52,0.634035388,0
52,0.315349679,0
53,0.132319334,0
53,0.00024603,0
53,0,0
53,0.068456758,0
53,0.340581904,0
53,0.47930922,0
53,0.479940829,0
53,0.4808226,0
53,0.47156588,0
53,0.472451445,0
53,0.479069955,0
53,0.474562834,0
53,0.439932475,0
53,0.481909742,0
53,0.368757266,0
53,0.742597329,0
53,0.931383137,0
53,1,0
53,1,0
53,1,0
53,1,0
53,1,0
53,0.77126286,0
54,0.420326073,0
54,0.18133826,0
54,0.180411153,0
54,0.239416929,0
54,0.471235842,0
54,0.563482167,0
54,0.568945466,0
54,0.570591816,0
54,0.565824683,0
54,0.563244692,0
54,0.569095688,0
54,0.570539685,0
54,0.57347573,0
54,0.564780625,0
54,0.557477645,0
54,0.774663727,0
54,0.862475967,0
54,0.996586002,0
54,1,0
54,0.898095204,0
54,0.799386132,0
54,0.481338185,0
54,0,0
55,0.217920521,0
55,0.181349581,0
55,0.180420572,0
55,0.219600943,0
55,0,0
55,0.542794318,0
55,0.576924368,0
55,0.547839418,0
55,0.567222768,0
55,0.552411298,0
55,0.568553241,0
55,0.564728987,0
55,0.559625785,0
55,0.562233104,0
55,0.493220371,0
55,0.787097456,0
55,0.897222598,0
55,1,0
55,0.996860789,0
55,0.925642705,0
55,0.752669919,0
55,0.473866818,0
55,0.287481128,0
56,0.181830516,0
56,0.000566061,0
56,0,0
56,0.066626529,0
56,0.334571955,0
56,0.470162157,0
56,0.479107661,0
56,0.474294242,0
56,0.477922879,0
56,0.481544906,0
56,0.482577544,0
56,0.482479459,0
56,0.479581965,0
56,0.441622134,0
56,0.452151416,0
56,0.739659685,0
56,0.992575635,0
56,1,0
56,1,0
56,1,0
56,0.99845127,0
56,0.728180455,0
56,0.306110973,0
57,0.130752668,0
57,0.180945769,0
57,0.180422865,0
57,0.228300254,0
57,0.464348731,0
57,0.564198776,0
57,0.575163723,0
57,0.574549288,0
57,0.567782296,0
57,0.557605261,0
57,0.567631097,0
57,0.570537822,0
57,0.553341676,0
57,0.573874008,0
57,0.507136703,0
57,0.782599,0
57,0.94548391,0
57,1,0
57,1,0
57,1,0
57,1,0
57,0.810506252,0
57,0.478914578,0
58,0,0
58,0.002013872,0
58,0,0
58,0.102614702,0
58,0.484724401,0
58,0.657175337,0
58,0.740016978,0
58,0.469978292,0
58,0.480230463,0
58,0.483755687,0
58,0.480436052,0
58,0.480280336,0
58,0.477997547,0
58,0.48174877,0
58,0.540546257,0
58,0.829665078,0
58,0.999898814,0
58,1,0
58,1,0
58,0.999947327,0
58,0.714599712,0
58,0.38911998,0
58,0.131633521,0
59,0.024709433,0
59,0.000824645,0
59,0,0
59,0.092682868,0
59,0.491887468,0
59,0.67784993,0
59,0.656978004,0
59,0.453854781,0
59,0.480785052,0
59,0.482600293,0
59,0.480718286,0
59,0.482554731,0
59,0.481583415,0
59,0.469080607,0
59,0.503465522,0
59,0.830977068,0
59,0.99907171,0
59,1,0
59,1,0
59,1,0
59,0.772173667,0
59,0.430382954,0
59,0.481696562,0
60,0.13113368,0
60,0.001380727,0
60,0,0
60,0.083091559,0
60,0.347287317,0
60,0.473765695,0
60,0.482455771,0
60,0.48168182,0
60,0.473419064,0
60,0.472578811,0
60,0.470816018,0
60,0.475812277,0
60,0.478177573,0
60,0.453527469,0
60,0.381936931,0
60,0.664732987,0
60,0.83237816,0
60,0.993915298,0
60,1,0
60,1,0
60,0.908903761,0
60,0.670462747,0
60,0.306905992,0
61,0.131748602,0
61,0.179787861,0
61,0.179026244,0
61,0.226962566,0
61,0.442651728,0
61,0.562796265,0
61,0.57414996,0
61,0.500712626,0
61,0.574962256,0
61,0.573176324,0
61,0.574962256,0
61,0.574962256,0
61,0.574952451,0
61,0,0
61,0.465130931,0
61,0.620955282,0
61,0.804592083,0
61,0.999637033,0
61,1,0
61,1,0
61,1,0
61,0.790976832,0
61,0.49470118,0
62,0,0
62,0.001412559,0
62,0,0
62,0.138101529,0
62,0.569877741,0
62,0.657106931,0
62,0.657106931,0
62,0.657106931,0
62,0.589935715,0
62,0.474814317,0
62,0.475680666,0
62,0.480361411,0
62,0.474527242,0
62,0.48039074,0
62,0.492951455,0
62,0.812339893,0
62,1,0
62,1,0
62,1,0
62,0.995222617,0
62,0.738624044,0
62,0.385152853,0
62,0.131460251,0
63,0.02477007,0
63,0.001625603,0
63,0,0
63,0.101657006,0
63,0.411069505,0
63,0.530946793,0
63,0.654514192,0
63,0.462955486,0
63,0.47674188,0
63,0.479572598,0
63,0.482693377,0
63,0.485373745,0
63,0.481649251,0
63,0.388657993,0
63,0.425775729,0
63,0.740328961,0
63,0.977979988,0
63,1,0
63,1,0
63,1,0
63,0.966925132,0
63,0.406172162,0
63,0.307180575,0
64,0.132092578,0
64,0.000173618,0
64,0,0
64,0.079633929,0
64,0.348959403,0
64,0.474813145,0
64,0.478217586,0
64,0.481661017,0
64,0.475886468,0
64,0.473407636,0
64,0.479311202,0
64,0.480919571,0
64,0.482198724,0
64,0.401238841,0
64,0.451447364,0
64,0.707375926,0
64,0.961898694,0
64,1,0
64,1,0
64,1,0
64,0.999488592,0
64,0.629606958,0
64,0.396794334,0
65,0.130946427,0
65,0.000995143,0
65,0,0
65,0.070249101,0
65,0.371303854,0
65,0.466278274,0
65,0.482130232,0
65,0.478456324,0
65,0.479934911,0
65,0.474694236,0
65,0.479403213,0
65,0.441887887,0
65,0.481734191,0
65,0.481734191,0
65,0.348947486,0
65,0.696840359,0
65,0.870695761,0
65,1,0
65,1,0
65,1,0
65,1,0
65,0.851602699,0
65,0.433214679,0
66,0.306821363,0
66,0.180313253,0
66,0.177145531,0
66,0.266708482,0
66,0.562858088,0
66,0.739661742,0
66,0.7701857,0
66,0.658473139,0
66,0.573756197,0
66,0.577287041,0
66,0.575862254,0
66,0.573458141,0
66,0.572684248,0
66,0.575653591,0
66,0.613430977,0
66,0.859543269,0
66,0.999992959,0
66,1,0
66,1,0
66,1,0
66,0.806556657,0
66,0.508016074,0
66,0,0
67,0.221021124,0
67,0.181057593,0
67,0.180277478,0
67,0.25161024,0
67,0.477293771,0
67,0.589947918,0
67,0.581570076,0
67,0.563982993,0
67,0.572855399,0
67,0.576274983,0
67,0.576097166,0
67,0.577563748,0
67,0.575941534,0
67,0.54890743,0
67,0.553988725,0
67,0.785061682,0
67,0.974712078,0
67,1,0
67,1,0
67,1,0
67,0.90890177,0
67,0.525416053,0
67,0,0
68,0.287308251,0
68,0.000527737,0
68,0,0
68,0.073447648,0
68,0.357003166,0
68,0.468352756,0
68,0.480841292,0
68,0.476288284,0
68,0.467979688,0
68,0.474566942,0
68,0.471693377,0
68,0.470036036,0
68,0.41529675,0
68,0.481538112,0
68,0.407851112,0
68,0.674548592,0
68,0.807674497,0
68,0.99874707,0
68,1,0
68,1,0
68,0.997303505,0
68,0.760104928,0
68,0.306203085,0
69,0.128776387,0
69,0.000360411,0
69,0,0
69,0.084786881,0
69,0.33969131,0
69,0.475612206,0
69,0.48498892,0
69,0.472426645,0
69,0.463879599,0
69,0.471587599,0
69,0.478061967,0
69,0.455851722,0
69,0.401111129,0
69,0.482546922,0
69,0.339367916,0
69,0.623003714,0
69,0.83253465,0
69,0.999796147,0
69,1,0
69,1,0
69,1,0
69,0.808069291,0
69,0.373226663,0
70,0.482546922,0
70,0.180384479,0
70,0.178088662,0
70,0.264421743,0
70,0.562236929,0
70,0.610278406,0
70,0.682078134,0
70,0.569873163,0
70,0.576213242,0
70,0.574936531,0
70,0.57357638,0
70,0.574918272,0
70,0.569121069,0
70,0.560824568,0
70,0.608044501,0
70,0.867488628,0
70,1,0
70,1,0
70,1,0
70,1,0
70,0.743900823,0
70,0.577804925,0
70,0,0
71,0.252731514,0
71,0.000791929,0
71,0,0
71,0.067020445,0
71,0.329947905,0
71,0.474140537,0
71,0.479413982,0
71,0.478462425,0
71,0.444224808,0
71,0.462560106,0
71,0.473660431,0
71,0.468442841,0
71,0.467140322,0
71,0.453132946,0
71,0.442494708,0
71,0.737171075,0
71,0.989942585,0
71,1,0
71,1,0
71,1,0
71,1,0
71,0.780285249,0
71,0.306004046,0
72,0.130618718,0
72,0,0
72,0.004313509,0
72,0.098149021,0
72,0.4578619,0
72,0.532684231,0
72,0.582660788,0
72,0.477219868,0
72,0.479911542,0
72,0.48525988,0
72,0.484525543,0
72,0.484552537,0
72,0.48334748,0
72,0.416023388,0
72,0.395835901,0
72,0.724243801,0
72,0.943467858,0
72,1,0
72,1,0
72,1,0
72,0.985429088,0
72,0.481688511,0
72,0.313474194,0
73,0.136619451,0
73,0.000178615,0
73,0,0
73,0.080137893,0
73,0.362081398,0
73,0.466550603,0
73,0.478607567,0
73,0.477549441,0
73,0.481595195,0
73,0.466373877,0
73,0.479177246,0
73,0.480849964,0
73,0.404903485,0
73,0.481633597,0
73,0.338564983,0
73,0.611755951,0
73,0.832239067,0
73,0.999794801,0
73,1,0
73,1,0
73,1,0
73,0.953130161,0
73,0.384189667,0
74,0.306330862,0
74,0.181284396,0
74,0.180074637,0
74,0.2678701,0
74,0.525719016,0
74,0.744171744,0
74,0.820683593,0
74,0.606185954,0
74,0.574294513,0
74,0.575726473,0
74,0.575990519,0
74,0.573583416,0
74,0.575108781,0
74,0.542188261,0
74,0.570624946,0
74,0.844414773,0
74,0.999784445,0
74,1,0
74,1,0
74,1,0
74,0.765373014,0
74,0.505276527,0
74,0,0
75,0.283594467,0
75,0.000287359,0
75,0,0
75,0.09290757,0
75,0.387791108,0
75,0.471094445,0
75,0.474732813,0
75,0.47011928,0
75,0.479520181,0
75,0.480217365,0
75,0.482484969,0
75,0.482202659,0
75,0.480697712,0
75,0.431627891,0
75,0.45302999,0
75,0.729253267,0
75,0.988615626,0
75,1,0
75,1,0
75,1,0
75,0.998287212,0
75,0.696255441,0
75,0.312732153,0
76,0.130870345,0
76,0.000558574,0
76,0,0
76,0.060159521,0
76,0.338410512,0
76,0.467031789,0
76,0.480401012,0
76,0.480724867,0
76,0.479219236,0
76,0.481187051,0
76,0.478799797,0
76,0.470121287,0
76,0.460997286,0
76,0.481461152,0
76,0.38795898,0
76,0.492005295,0
76,0.827659311,0
76,1,0
76,1,0
76,1,0
76,0.999823124,0
76,0.743669893,0
76,0.321508166,0
77,0.130739046,0
77,0.179115356,0
77,0.179369158,0
77,0.235953604,0
77,0.45857341,0
77,0.566404205,0
77,0.575105895,0
77,0.573261252,0
77,0.570213815,0
77,0.565816456,0
77,0.561968443,0
77,0.5622357,0
77,0.535758952,0
77,0,0
77,0.431221692,0
77,0.593646321,0
77,0.782479631,0
77,0.997314339,0
77,1,0
77,1,0
77,1,0
77,0.985164944,0
77,0.573703769,0
78,0.4545623,0
78,0.002204875,0
78,0,0
78,0.096043343,0
78,0.371644557,0
78,0.482838922,0
78,0.483289067,0
78,0.482760977,0
78,0.48167857,0
78,0.481901055,0
78,0.48420295,0
78,0.483824676,0
78,0.476974294,0
78,0.47181452,0
78,0.5171286,0
78,0.830563625,0
78,0.999477154,0
78,1,0
78,1,0
78,1,0
78,0.916307306,0
78,0.433585531,0
78,0.479639431,0
79,0.132311913,0
79,0.000149975,0
79,0,0
79,0.077955959,0
79,0.351142547,0
79,0.470709987,0
79,0.47936331,0
79,0.482677334,0
79,0.481247398,0
79,0.484552378,0
79,0.482910994,0
79,0.482066757,0
79,0.47306385,0
79,0.457919017,0
79,0.373414179,0
79,0.738147783,0
79,0.972408377,0
79,1,0
79,1,0
79,1,0
79,0.996371766,0
79,0.709764898,0
79,0.312330453,0
80,0.130660214,0
80,0.179827219,0
80,0.179440116,0
80,0.240111566,0
80,0.451788492,0
80,0.569886628,0
80,0.573630494,0
80,0.571646087,0
80,0.567721316,0
80,0.561219753,0
80,0.547518796,0
80,0.566440591,0
80,0.536258325,0
80,0.574962256,0
80,0.44321375,0
80,0.624620337,0
80,0.862443384,0
80,1,0
80,1,0
80,1,0
80,1,0
80,0.782040746,0
80,0.462430308,0
81,0,0
81,0,0
81,0.000928694,0
81,0.068813484,0
81,0.338152346,0
81,0.465299121,0
81,0.483688426,0
81,0.480449644,0
81,0.453639064,0
81,0.470577107,0
81,0.481427072,0
81,0.480975256,0
81,0.387325177,0
81,0.482229827,0
81,0.351672132,0
81,0.570940666,0
81,0.817654712,0
81,0.999980674,0
81,1,0
81,1,0
81,1,0
81,0.948352259,0
81,0.433065215,0
82,0.377363703,0
82,0.287481128,1
82,0.189346753,1
82,0.180732839,1
82,0.178080256,1
82,0.163378289,1
82,0.241714795,1
82,0,1
82,0.504267847,1
82,0.564126304,1
82,0.603767399,1
82,0.71870282,1
82,0.771265466,1
82,0.728904273,1
82,0.743257051,1
82,0.866500418,1
82,1,1
82,1,1
82,1,1
82,0.993220282,1
82,0.793555163,1
82,0.442776589,1
82,0.287481128,1
83,0.190717392,1
83,0.181193565,0
83,0.179532383,0
83,0.265890997,0
83,0.599902462,0
83,0.642294296,0
83,0.71870282,0
83,0.569549696,0
83,0.574531781,0
83,0.577105584,0
83,0.574133298,0
83,0.688474446,0
83,0.650804669,0
83,0.566472953,0
83,0.585478831,0
83,0.850810553,0
83,1,0
83,1,0
83,1,0
83,0.999993992,0
83,0.842939967,0
83,0.488743913,0
83,0,0
84,0.28677279,0
84,0.181356068,0
84,0.180380506,0
84,0.231584678,0
84,0.451551865,0
84,0.572822582,0
84,0.572805533,0
84,0.573377557,0
84,0.568591681,0
84,0.569249392,0
84,0.555438624,0
84,0.562339171,0
84,0.571967217,0
84,0.54767582,0
84,0.494311737,0
84,0.675697534,0
84,0.862443384,0
84,1,0
84,1,0
84,0.999707991,0
84,0.790136594,0
84,0.474005354,0
84,0,0
85,0.215124679,0
85,0,0
85,0.000219519,0
85,0.08336531,0
85,0.374130873,0
85,0.470820957,0
85,0.480028024,0
85,0.480437251,0
85,0.477226089,0
85,0.479648181,0
85,0.481359572,0
85,0.482805527,0
85,0.481719203,0
85,0.393480262,0
85,0.418330797,0
85,0.72755598,0
85,0.979124973,0
85,1,0
85,1,0
85,1,0
85,1,0
85,0.93907925,0
85,0.504922538,0
86,0.434895062,0
86,0.1795551,0
86,0.17703938,0
86,0.253141445,0
86,0.474993149,0
86,0.573812374,0
86,0.570687399,0
86,0.566921361,0
86,0.574859242,0
86,0.572895676,0
86,0.567960575,0
86,0.572824562,0
86,0.576637756,0
86,0.564273451,0
86,0.583481402,0
86,0.832290691,0
86,0.99905578,0
86,1,0
86,1,0
86,1,0
86,0.782493818,0
86,0.443015387,0
86,0,0
87,0.174615927,0
87,0.181336335,0
87,0.180533959,0
87,0.252841797,0
87,0.469905593,0
87,0.570764822,0
87,0.571172007,0
87,0.57165898,0
87,0.57364998,0
87,0.573250248,0
87,0.574305258,0
87,0.573765931,0
87,0.570690959,0
87,0.53400164,0
87,0.543333741,0
87,0.786846896,0
87,0.993946803,0
87,1,0
87,1,0
87,1,0
87,0.795348032,0
87,0.539457462,0
87,0,0
88,0.27029462,0
88,0.179704718,0
88,0.178021049,0
88,0.252448041,0
88,0.481783406,0
88,0.564473044,0
88,0.571119175,0
88,0.575450352,0
88,0.568077121,0
88,0.569660274,0
88,0.566517953,0
88,0.562345675,0
88,0.570100353,0
88,0.554188109,0
88,0.484900688,0
88,0.73512361,0
88,0.872982249,0
88,1,0
88,1,0
88,1,0
88,0.999704693,0
88,0.786575024,0
88,0.442627784,0
89,0,0
89,0,0
89,0.001088135,0
89,0.064242429,0
89,0.350738186,0
89,0.477218661,0
89,0.481512687,0
89,0.463370481,0
89,0.479172952,0
89,0.479628804,0
89,0.475055717,0
89,0.480939066,0
89,0.479273288,0
89,0.482187828,0
89,0.326071499,0
89,0.476475746,0
89,0.77518697,0
89,0.997258589,0
89,1,0
89,1,0
89,1,0
89,0.978794114,0
89,0.371161586,0
90,0.377374063,0
90,0.01057927,0
90,0.009162135,0
90,0.089396212,0
90,0.463706993,0
90,0.502528509,0
90,0.518987834,0
90,0.46437546,0
90,0.521386489,0
90,0.498247578,0
90,0.521747414,0
90,0.519630516,0
90,0.499401204,0
90,0.521747414,0
90,0.473091418,0
90,0.608626438,0
90,0.773856193,0
90,0.822223666,0
90,1,0
90,0.797416464,0
90,0.789080769,0
90,0.335190123,0
90,0.148632832,0
91,0,0
91,0.181306451,0
91,0.180744154,0
91,0.246398501,0
91,0.520073994,0
91,0.56826612,0
91,0.57844377,0
91,0.569572167,0
91,0.572310108,0
91,0.569296983,0
91,0.572450474,0
91,0.57472986,0
91,0.576264561,0
91,0.50697999,0
91,0.560873663,0
91,0.78093522,0
91,0.864324517,0
91,1,0
91,1,0
91,1,0
91,0.974416655,0
91,0.716472974,0
91,0,0
92,0.287481128,0
92,0.001017186,0
92,0,0
92,0.077427506,0
92,0.338578523,0
92,0.47766059,0
92,0.484422698,0
92,0.481865035,0
92,0.477220342,0
92,0.479232923,0
92,0.478223567,0
92,0.475601668,0
92,0.467507916,0
92,0.481987087,0
92,0.416543337,0
92,0.662643898,0
92,0.875117406,0
92,0.99986367,0
92,1,0
92,1,0
92,0.993873309,0
92,0.567579511,0
92,0.376628486,0
93,0.132165744,0
93,0.000802283,0
93,0,0
93,0.06385747,0
93,0.320294562,0
93,0.475745519,0
93,0.481226494,0
93,0.477396606,0
93,0.470121661,0
93,0.471484569,0
93,0.47961239,0
93,0.479462045,0
93,0.41054863,0
93,0.481792869,0
93,0.351543813,0
93,0.731952454,0
93,0.851231787,0
93,1,0
93,1,0
93,1,0
93,1,0
93,0.995957553,0
93,0.669652725,0
94,0.31652416,0
94,0.179084068,0
94,0.173849387,0
94,0.26774557,0
94,0.52736745,0
94,0.754441523,0
94,0.768957087,0
94,0.676309799,0
94,0.568185917,0
94,0.571420288,0
94,0.566548223,0
94,0.763858925,0
94,0.645049103,0
94,0.57220358,0
94,0.644302243,0
94,0.873536887,0
94,1,0
94,1,0
94,1,0
94,1,0
94,0.817374175,0
94,0.498977481,0
94,0,0
95,0.214995273,0
95,0.000968414,0
95,0,0
95,0.080383566,0
95,0.361481082,0
95,0.470731734,0
95,0.477348384,0
95,0.480294652,0
95,0.475940135,0
95,0.478011152,0
95,0.477796499,0
95,0.476258502,0
95,0.470722283,0
95,0.478097409,0
95,0.648159838,0
95,0.773394245,0
95,0.832192974,0
95,0.999321991,0
95,1,0
95,1,0
95,0.946406177,0
95,0.742986939,0
95,0.306140274,0
96,0.130789374,0
96,0.00064545,0
96,0,0
96,0.062760158,0
96,0.34652697,0
96,0.487652493,0
96,0.477138511,0
96,0.478047008,0
96,0.475150754,0
96,0.472620637,0
96,0.475935971,0
96,0.473546327,0
96,0.465495935,0
96,0.459731279,0
96,0.376619995,0
96,0.706760931,0
96,0.89646127,0
96,1,0
96,1,0
96,1,0
96,0.995184259,0
96,0.570101484,0
96,0.37827263,0
97,0.13182442,0
97,0.001144477,0
97,0,0
97,0.047035806,0
97,0.306095055,0
97,0.475922396,0
97,0.480989759,0
97,0.479823168,0
97,0.478453428,0
97,0.432597056,0
97,0.449168596,0
97,0.478351668,0
97,0.460440807,0
97,0.476270557,0
97,0.385277231,0
97,0.719627418,0
97,0.869683011,0
97,0.999637612,0
97,0.999928679,0
97,1,0
97,1,0
97,0.969873761,0
97,0.490942767,0
98,0.314778054,0
98,0.180885985,0
98,0.179283461,0
98,0.259133342,0
98,0.512244974,0
98,0.56079203,0
98,0.563159755,0
98,0.5703237,0
98,0.574385098,0
98,0.57632232,0
98,0.577254191,0
98,0.577059559,0
98,0.576311965,0
98,0.575894974,0
98,0.587109115,0
98,0.807645406,0
98,0.995347426,0
98,0.99987762,0
98,0.99992605,0
98,1,0
98,0.788112878,0
98,0.504452062,0
98,0,0
99,0.279211264,0
99,0.002360901,0
99,0,0
99,0.090997281,0
99,0.374088426,0
99,0.47577785,0
99,0.747230142,0
99,0.710566798,0
99,0.464727745,0
99,0.482368964,0
99,0.481724695,0
99,0.470028373,0
99,0.466608144,0
99,0.480624743,0
99,0.519494125,0
99,0.835407379,0
99,1,0
99,1,0
99,1,0
99,1,0
99,0.996338885,0
99,0.663440519,0
99,0.356147918,0
100,0.132316004,0
100,0.000493606,0
100,0,0
100,0.071564614,0
100,0.340247544,0
100,0.483261545,0
100,0.475912704,0
100,0.471341859,0
100,0.472529906,0
100,0.464838199,0
100,0.464184392,0
100,0.475934426,0
100,0.440501741,0
100,0.481184895,0
100,0.444881828,0
100,0.723242646,0
100,0.851572313,0
100,0.998580173,0
100,0.999874809,0
100,1,0
100,0.999863083,0
100,0.730494171,0
100,0.339296229,0
101,0.130275938,0
101,1.30E-05,0
101,0,0
101,0.043077253,0
101,0.306579423,0
101,0.45863236,0
101,0.480795034,0
101,0.398226244,0
101,0.464320738,0
101,0.474852362,0
101,0.480813356,0
101,0.481819343,0
101,0.481819343,0
101,0.481819343,0
101,0.365413487,0
101,0.554309092,0
101,0.825832716,0
101,0.862220263,0
101,0.998887595,0
101,1,0
101,1,0
101,0.987921111,0
101,0.403654901,0
102,0.481402369,0
102,0.180367834,0
102,0.17775231,0
102,0.248167187,0
102,0.448402487,0
102,0.565703497,0
102,0.569522498,0
102,0.57572815,0
102,0.571982167,0
102,0.575256094,0
102,0.576128506,0
102,0.572350451,0
102,0.57144062,0
102,0.56600644,0
102,0.576000215,0
102,0.785666834,0
102,0.974751453,0
102,0.997074838,0
102,0.994680211,0
102,1,0
102,0.842989027,0
102,0.452205248,0
102,0,0
103,0.227301882,0
103,0.181371872,0
103,0.180821589,0
103,0.239536051,0
103,0.477346523,0
103,0.564030142,0
103,0.574910762,0
103,0.553604265,0
103,0.555726449,0
103,0.555637934,0
103,0.570362442,0
103,0.570876384,0
103,0.550782687,0
103,0.530870464,0
103,0.508720768,0
103,0.717679418,0
103,0.878599088,0
103,0.999632001,0
103,0.999855613,0
103,1,0
103,0.96759998,0
103,0.797944589,0
103,0,0
104,0.287481128,0
104,0.178425101,0
104,0.179761051,0
104,0.245930078,0
104,0.491174942,0
104,0.562162274,0
104,0.574718726,0
104,0.544957956,0
104,0.559131802,0
104,0.57161425,0
104,0.570459399,0
104,0.557153936,0
104,0.570261302,0
104,0.528430728,0
104,0.538246542,0
104,0.786316643,0
104,0.971503977,0
104,0.999820306,0
104,0.999820306,0
104,0.999820306,0
104,1,0
104,0.783087103,0
104,0.452667503,0
105,0,0
105,0,0
105,0.004733039,0
105,0.065252513,0
105,0.311243482,0
105,0.475145292,0
105,0.486432942,0
105,0.467723918,0
105,0.485304709,0
105,0.457155676,0
105,0.483566954,0
105,0.484738785,0
105,0.484188464,0
105,0.459004353,0
105,0.467603778,0
105,0.72155996,0
105,0.833427164,0
105,0.956924398,0
105,0.994518549,0
105,0.999999713,0
105,1,0
105,0.999513087,0
105,0.69114497,0
106,0.456781963,0
106,0.180312229,0
106,0.178672535,0
106,0.259419903,0
106,0.521815667,0
106,0.727932474,0
106,0.754510461,0
106,0.558218229,0
106,0.575213635,0
106,0.572850123,0
106,0.565512313,0
106,0.568885941,0
106,0.573311327,0
106,0.571509835,0
106,0.725666995,0
106,0.863329179,0
106,1,0
106,1,0
106,1,0
106,1,0
106,0.783910409,0
106,0.467944139,0
106,0,0
107,0.223820761,0
107,0.002421204,0
107,0,0
107,0.092860261,0
107,0.423714239,0
107,0.529196229,0
107,0.678511629,0
107,0.450617704,0
107,0.483168685,0
107,0.481539294,0
107,0.482515018,0
107,0.478935451,0
107,0.48103831,0
107,0.481774008,0
107,0.500634591,0
107,0.720396394,0
107,0.999857949,0
107,1,0
107,1,0
107,1,0
107,0.998648329,0
107,0.638682653,0
107,0.307355599,0
108,0.132311834,0
108,0.00090416,0
108,0,0
108,0.056637192,0
108,0.317937013,0
108,0.472833618,0
108,0.486175487,0
108,0.474792703,0
108,0.479705285,0
108,0.481113078,0
108,0.479745706,0
108,0.479823612,0
108,0.480483072,0
108,0.456561135,0
108,0.463926992,0
108,0.717491466,0
108,0.927147519,0
108,1,0
108,1,0
108,1,0
108,0.998151712,0
108,0.573407864,0
108,0.334001073,0
109,0.132765831,0
109,0.181075742,0
109,0.180801625,0
109,0.20575123,0
109,0,0
109,0.500800358,0
109,0.572981292,0
109,0.494564793,0
109,0.574962766,0
109,0.574962766,0
109,0.574962766,0
109,0.574962766,0
109,0.574962766,0
109,0,0
109,0.431222074,0
109,0.643059873,0
109,0.793914294,0
109,0.939665634,0
109,0.999943279,0
109,1,0
109,0.999089859,0
109,0.782189859,0
109,0.489089091,0
110,0,0
110,0.178900156,0
110,0.173618124,0
110,0.261752016,0
110,0.511128693,0
110,0.709924493,0
110,0.71870282,0
110,0.566759362,0
110,0.574522699,0
110,0.577435906,0
110,0.575555736,0
110,0.574235044,0
110,0.576730177,0
110,0.556786843,0
110,0.57087892,0
110,0.794211489,0
110,0.995466405,0
110,1,0
110,1,0
110,1,0
110,0.785167474,0
110,0.488079183,0
110,0,0
111,0.250279864,0
111,0.001361149,0
111,0,0
111,0.062566678,0
111,0.38581417,0
111,0.45419612,0
111,0.480716912,0
111,0.481918569,0
111,0.464014259,0
111,0.460102036,0
111,0.463832534,0
111,0.471817706,0
111,0.468272533,0
111,0.481727624,0
111,0.419376601,0
111,0.708433278,0
111,0.890423357,0
111,0.999940245,0
111,0.999976543,0
111,1,0
111,0.942114414,0
111,0.437160233,0
111,0.311920788,0
112,0.131185751,0
112,0.000693312,0
112,0,0
112,0.069766945,0
112,0.338474684,0
112,0.483689609,0
112,0.480126466,0
112,0.476318328,0
112,0.480715244,0
112,0.47939794,0
112,0.478033069,0
112,0.472610559,0
112,0.457875753,0
112,0.45653337,0
112,0.46058784,0
112,0.742519461,0
112,0.97557782,0
112,1,0
112,1,0
112,1,0
112,0.99997134,0
112,0.729117429,0
112,0.341971472,0
113,0.130891145,0
113,0,0
113,0.000968955,0
113,0.055575459,0
113,0.306416717,0
113,0.409364394,0
113,0.4772366,0
113,0.468684339,0
113,0.477559713,0
113,0.48167715,0
113,0.480868913,0
113,0.46761676,0
113,0.462422471,0
113,0.481697755,0
113,0.306416717,0
113,0.547842909,0
113,0.788338727,0
113,0.987134236,0
113,0.998856023,0
113,1,0
113,1,0
113,0.999436456,0
113,0.711557863,0
114,0.318829168,0
114,0.181072246,0
114,0.17991837,0
114,0.262131778,0
114,0.489382873,0
114,0.574956041,0
114,0.572148073,0
114,0.565794144,0
114,0.572753792,0
114,0.571545186,0
114,0.570281553,0
114,0.574109685,0
114,0.571875652,0
114,0.574694195,0
114,0.576077752,0
114,0.807799192,0
114,0.997248701,0
114,1,0
114,1,0
114,0.998911241,0
114,0.800288133,0
114,0.492274581,0
114,0,0
115,0.204893581,0
115,0.180304245,0
115,0.180019426,0
115,0.251483919,0
115,0.491498305,0
115,0.572425893,0
115,0.569032809,0
115,0.56551383,0
115,0.574289098,0
115,0.571433592,0
115,0.574087119,0
115,0.575816432,0
115,0.565971905,0
115,0.565952011,0
115,0.54200296,0
115,0.787301343,0
115,0.947594102,0
115,1,0
115,1,0
115,1,0
115,0.998649504,0
115,0.657820834,0
115,0.50381634,0
116,0,0
116,0.176790292,0
116,0.177985915,0
116,0.246201311,0
116,0.492196652,0
116,0.562489596,0
116,0.570405712,0
116,0.572011556,0
116,0.573515191,0
116,0.574003742,0
116,0.569890773,0
116,0.566068698,0
116,0.548341493,0
116,0.574858978,0
116,0.510460112,0
116,0.695500673,0
116,0.862288468,0
116,0.994668029,0
116,0.998986469,0
116,0.999820375,0
116,1,0
116,0.790082145,0
116,0.454272402,0
117,0,0
117,0,0
117,0.003305448,0
117,0.083483073,0
117,0.447009306,0
117,0.463065638,0
117,0.487427454,0
117,0.462597071,0
117,0.484947166,0
117,0.462667054,0
117,0.473977392,0
117,0.454252354,0
117,0.47800835,0
117,0.484910545,0
117,0.386629118,0
117,0.646630213,0
117,0.833316365,0
117,1,0
117,1,0
117,1,0
117,1,0
117,0.998929491,0
117,0.701712461,0
118,0.441132311,0
118,0.006025852,0
118,0,0
118,0.119592998,0
118,0.515141236,0
118,0.70978184,0
118,0.685787246,0
118,0.514740368,0
118,0.482215718,0
118,0.475457787,0
118,0.475429454,0
118,0.482949502,0
118,0.488771497,0
118,0.475707812,0
118,0.58832855,0
118,0.833237389,0
118,1,0
118,1,0
118,1,0
118,1,0
118,0.944523909,0
118,0.434446721,0
118,0.482536946,0
119,0.136199258,0
119,0.001295138,0
119,0,0
119,0.081886226,0
119,0.373766628,0
119,0.491790279,0
119,0.464609951,0
119,0.481297864,0
119,0.480424484,0
119,0.480028507,0
119,0.483444569,0
119,0.48322136,0
119,0.4831537,0
119,0.461448663,0
119,0.452127841,0
119,0.740822167,0
119,0.9793723,0
119,1,0
119,1,0
119,1,0
119,0.968138624,0
119,0.56005179,0
119,0.444893933,0
120,0.130715011,0
120,0.00050816,0
120,0,0
120,0.058895653,0
120,0.336070027,0
120,0.476854704,0
120,0.484327452,0
120,0.441249412,0
120,0.478484578,0
120,0.458346944,0
120,0.473056679,0
120,0.474972868,0
120,0.44214666,0
120,0.466178106,0
120,0.380554719,0
120,0.684454477,0
120,0.819298083,0
120,0.999630562,0
120,1,0
120,1,0
120,0.996523388,0
120,0.575222325,0
120,0.343455951,0
121,0.13058979,0
121,0,0
121,0.001616328,0
121,0.086910995,0
121,0.361016065,0
121,0.470646026,0
121,0.477932309,0
121,0.477188834,0
121,0.481260556,0
121,0.479837806,0
121,0.475298651,0
121,0.476874157,0
121,0.464559435,0
121,0.483378627,0
121,0.470113789,0
121,0.661504656,0
121,0.82438145,0
121,0.999993657,0
121,1,0
121,1,0
121,1,0
121,0.997866101,0
121,0.538627388,0
122,0.399789443,0
122,0.180795334,0
122,0.177239069,0
122,0.257717437,0
122,0.505041401,0
122,0.575223883,0
122,0.591642344,0
122,0.566222414,0
122,0.56747788,0
122,0.57223291,0
122,0.574578579,0
122,0.566017704,0
122,0.574463742,0
122,0.575232785,0
122,0.60667289,0
122,0.845116363,0
122,0.999893911,0
122,1,0
122,1,0
122,0.999780937,0
122,0.787390133,0
122,0.495403152,0
122,0,0
123,0.233178327,0
123,0.000940833,0
123,0,0
123,0.085480483,0
123,0.38809839,0
123,0.461970546,0
123,0.476313631,0
123,0.480613887,0
123,0.476341625,0
123,0.480610344,0
123,0.481534668,0
123,0.477588963,0
123,0.48337456,0
123,0.410931871,0
123,0.461499882,0
123,0.71206963,0
123,0.942675005,0
123,1,0
123,1,0
123,1,0
123,0.984851435,0
123,0.562621694,0
123,0.321494311,0
124,0.132140656,0
124,0.001670084,0
124,0,0
124,0.073127181,0
124,0.30842452,0
124,0.482354475,0
124,0.480544522,0
124,0.480970109,0
124,0.480344656,0
124,0.481200808,0
124,0.480308949,0
124,0.479714471,0
124,0.464343729,0
124,0.409708847,0
124,0.435014899,0
124,0.680196454,0
124,0.881407085,0
124,0.999765936,0
124,0.999781047,0
124,0.999781047,0
124,1,0
124,0.736357538,0
124,0.324858462,0
125,0.130925742,0
125,0,0
125,0.004664213,0
125,0.082870625,0
125,0.360339713,0
125,0.450498601,0
125,0.483905833,0
125,0.479786902,0
125,0.462637335,0
125,0.464463914,0
125,0.48215848,0
125,0.4717001,0
125,0.45970863,0
125,0.476220362,0
125,0.376249764,0
125,0.713701171,0
125,0.966501039,0
125,1,0
125,1,0
125,1,0
125,1,0
125,0.999711685,0
125,0.6953736,0
126,0.384431438,0
126,0.001966974,0
126,0,0
126,0.10662254,0
126,0.45139398,0
126,0.524106015,0
126,0.657110773,0
126,0.449735983,0
126,0.481512314,0
126,0.484074569,0
126,0.483252749,0
126,0.478201436,0
126,0.481268512,0
126,0.482415524,0
126,0.478166099,0
126,0.815189839,0
126,0.999662581,0
126,1,0
126,1,0
126,0.999266981,0
126,0.738905037,0
126,0.366007536,0
126,0.131469981,0
127,0.003159427,0
127,0.001278283,0
127,0,0
127,0.111774013,0
127,0.479337467,0
127,0.485632392,0
127,0.613002913,0
127,0.528312872,0
127,0.467155849,0
127,0.477836537,0
127,0.477566729,0
127,0.480705972,0
127,0.475167841,0
127,0.465454925,0
127,0.476238811,0
127,0.731581806,0
127,0.991212306,0
127,1,0
127,1,0
127,1,0
127,0.809355569,0
127,0.462094015,0
127,0.395647087,0
128,0.132787263,0
128,0.000601045,0
128,0,0
128,0.069734626,0
128,0.33998839,0
128,0.474800219,0
128,0.46183166,0
128,0.423945221,0
128,0.463600981,0
128,0.475577967,0
128,0.48195031,0
128,0.48342175,0
128,0.478748271,0
128,0.390695614,0
128,0.441143264,0
128,0.739647064,0
128,0.955769271,0
128,1,0
128,1,0
128,1,0
128,0.996818119,0
128,0.521383725,0
128,0.334957112,0
129,0.130676418,0
129,0,0
129,0.003564171,0
129,0.070694576,0
129,0.370050346,0
129,0.461057103,0
129,0.487298892,0
129,0.429816336,0
129,0.484378196,0
129,0.482817965,0
129,0.478685815,0
129,0.474284768,0
129,0.442345606,0
129,0.460899789,0
129,0.410656417,0
129,0.719282256,0
129,0.875128498,0
129,1,0
129,1,0
129,1,0
129,1,0
129,0.977350312,0
129,0.433131768,0
130,0.370738173,0
130,0.178241838,0
130,0.175016944,0
130,0.266518759,0
130,0.497063146,0
130,0.569392995,0
130,0.572210812,0
130,0.568679444,0
130,0.576620739,0
130,0.575527279,0
130,0.570526268,0
130,0.574151139,0
130,0.568285552,0
130,0.570731418,0
130,0.726740885,0
130,0.834198733,0
130,0.999923422,0
130,1,0
130,1,0
130,0.998218224,0
130,0.774546636,0
130,0.45992361,0
130,0,0
131,0.195529103,0
131,0.181302716,0
131,0.180405335,0
131,0.244531079,0
131,0.478764713,0
131,0.56310038,0
131,0.574258152,0
131,0.573229528,0
131,0.573509046,0
131,0.57704058,0
131,0.574820244,0
131,0.575383665,0
131,0.577117851,0
131,0.575185248,0
131,0.573340658,0
131,0.799252911,0
131,0.996735447,0
131,1,0
131,1,0
131,1,0
131,0.957567758,0
131,0.532088545,0
131,0,0
132,0.287481128,0
132,0.180280607,0
132,0.180093003,0
132,0.233286444,0
132,0.433694285,0
132,0.575565032,0
132,0.570928838,0
132,0.573357368,0
132,0.570651349,0
132,0.569885931,0
132,0.575550355,0
132,0.578011576,0
132,0.57181734,0
132,0.532824904,0
132,0.531646547,0
132,0.778431896,0
132,0.985964421,0
132,1,0
132,1,0
132,1,0
132,0.995871789,0
132,0.785079717,0
132,0,0
133,0,0
133,0.000317518,0
133,0,0
133,0.051889871,0
133,0.31427928,0
133,0.46043083,0
133,0.469700622,0
133,0.46103821,0
133,0.463942307,0
133,0.460147036,0
133,0.469563424,0
133,0.470259068,0
133,0.482825668,0
133,0.467378464,0
133,0.404809522,0
133,0.728064751,0
133,0.934226528,0
133,1,0
133,1,0
133,1,0
133,1,0
133,0.856133233,0
133,0.483396254,0
134,0.373094259,0
134,0.176586723,0
134,0.176277339,0
134,0.284288662,0
134,0.553315708,0
134,0.727459006,0
134,0.755620361,0
134,0.586468715,0
134,0.574538271,0
134,0.570824984,0
134,0.572785194,0
134,0.578681485,0
134,0.569141215,0
134,0.58582737,0
134,0.686385847,0
134,0.83935802,0
134,0.999792231,0
134,0.999820459,0
134,0.999820459,0
134,1,0
134,0.781261019,0
134,0.50222984,0
134,0,0
135,0.261061591,0
135,0.001174092,0
135,0,0
135,0.072367751,0
135,0.327375254,0
135,0.476459653,0
135,0.485220182,0
135,0.475074362,0
135,0.480993936,0
135,0.481704797,0
135,0.48142051,0
135,0.474035419,0
135,0.474598029,0
135,0.475604278,0
135,0.477553112,0
135,0.714108056,0
135,0.978859944,0
135,1,0
135,1,0
135,1,0
135,0.696829072,0
135,0.40128819,0
135,0.306328036,0
136,0.131024587,0
136,0,0
136,0.00133829,0
136,0.073249172,0
136,0.365668756,0
136,0.476628992,0
136,0.481141667,0
136,0.474479437,0
136,0.465817152,0
136,0.476195406,0
136,0.482063576,0
136,0.481677772,0
136,0.473893495,0
136,0.425924495,0
136,0.4539081,0
136,0.729375069,0
136,0.967823058,0
136,1,0
136,1,0
136,1,0
136,0.992132004,0
136,0.44279787,0
136,0.432194666,0
137,0.132183081,0
137,0,0
137,0.000311214,0
137,0.054388952,0
137,0.305572622,0
137,0.392906159,0
137,0.478789158,0
137,0.44086237,0
137,0.470540258,0
137,0.435173875,0
137,0.466177296,0
137,0.466136027,0
137,0.481066978,0
137,0.481066978,0
137,0.441328411,0
137,0.736525598,0
137,0.931426509,0
137,1,0
137,1,0
137,1,0
137,1,0
137,0.761713962,0
137,0.40789008,0
138,0.468923034,0
138,0.002494188,0
138,0,0
138,0.094645026,0
138,0.471587387,0
138,0.700254,0
138,0.72161322,0
138,0.495676226,0
138,0.481739863,0
138,0.481258418,0
138,0.502814684,0
138,0.580874031,0
138,0.656651116,0
138,0.538331029,0
138,0.615464227,0
138,0.832649508,0
138,0.999999943,0
138,1,0
138,1,0
138,0.999998002,0
138,0.746337268,0
138,0.409185184,0
138,0.308027982,0
139,0.128306587,0
139,0.179229504,0
139,0.180038896,0
139,0.241399882,0
139,0.485081658,0
139,0.61046163,0
139,0.71870282,0
139,0.556593098,0
139,0.576845018,0
139,0.574377729,0
139,0.570292295,0
139,0.572970914,0
139,0.572348506,0
139,0.57601216,0
139,0.575682682,0
139,0.843015328,0
139,1,0
139,1,0
139,1,0
139,0.999845106,0
139,0.755976565,0
139,0.522795565,0
139,0,0
140,0.227939008,0
140,0,0
140,0.000290586,0
140,0.068742395,0
140,0.360130639,0
140,0.577668706,0
140,0.497224723,0
140,0.474644256,0
140,0.48428447,0
140,0.485065925,0
140,0.481215776,0
140,0.483126235,0
140,0.483829446,0
140,0.476697782,0
140,0.470151654,0
140,0.688327357,0
140,0.96863523,0
140,1,0
140,1,0
140,1,0
140,0.995364856,0
140,0.644804854,0
140,0.482673883,0
141,0.132772027,0
141,0,0
141,0.002046945,0
141,0.059177395,0
141,0.314485288,0
141,0.480347554,0
141,0.480919015,0
141,0.473669148,0
141,0.465609696,0
141,0.476344293,0
141,0.483438566,0
141,0.485342749,0
141,0.484101153,0
141,0.43655952,0
141,0.449390134,0
141,0.700328976,0
141,0.908180097,0
141,1,0
141,1,0
141,1,0
141,1,0
141,0.934930855,0
141,0.518231312,0
142,0.343491641,0
142,0,1
142,0.20489293,1
142,0.176671007,1
142,0.165872785,1
142,0.166611823,1
142,0.287481128,1
142,0.562846883,1
142,0.516351806,1
142,0.566810431,1
142,0.585482747,1
142,0.718062435,1
142,0.734521259,1
142,0.730191279,1
142,0.762662235,1
142,0.965952939,1
142,1,1
142,1,1
142,1,1
142,0.988395003,1
142,0.757145782,1
142,0.510356957,1
142,0.287481128,1
143,0.17369961,1
143,0.180413454,0
143,0.177684206,0
143,0.260964241,0
143,0.509564786,0
143,0.574216113,0
143,0.677250671,0
143,0.571022499,0
143,0.573955106,0
143,0.573624975,0
143,0.57110658,0
143,0.571483459,0
143,0.574461329,0
143,0.569194796,0
143,0.580895634,0
143,0.800892731,0
143,0.996010643,0
143,0.999820306,0
143,0.999820306,0
143,1,0
143,0.789117321,0
143,0.515606192,0
143,0,0
144,0.216391489,0
144,0.001719533,0
144,0,0
144,0.075889451,0
144,0.332941277,0
144,0.467463234,0
144,0.477754388,0
144,0.479741916,0
144,0.482123618,0
144,0.484372989,0
144,0.483431917,0
144,0.483039894,0
144,0.481732261,0
144,0.392415992,0
144,0.431335602,0
144,0.583065854,0
144,0.812300712,0
144,0.999609011,0
144,1,0
144,1,0
144,0.948950351,0
144,0.573322308,0
144,0.439908687,0
145,0.131648175,0
145,0.180275753,0
145,0.180463803,0
145,0.23209947,0
145,0.450762736,0
145,0.550414269,0
145,0.55901096,0
145,0.564701863,0
145,0.56822851,0
145,0.55996134,0
145,0.544593772,0
145,0.553527424,0
145,0.520930478,0
145,0,0
145,0.44771307,0
145,0.593099953,0
145,0.796973404,0
145,0.976873085,0
145,1,0
145,1,0
145,1,0
145,0.82863483,0
145,0.463998105,0
146,0,0
146,0.180665264,0
146,0.178679383,0
146,0.243050006,0
146,0.501759355,0
146,0.549858443,0
146,0.648045636,0
146,0.566131929,0
146,0.573984691,0
146,0.575066962,0
146,0.567724781,0
146,0.58791164,0
146,0.572473346,0
146,0.557350573,0
146,0.682993111,0
146,0.8552072,0
146,0.999513811,0
146,1,0
146,1,0
146,1,0
146,0.813581016,0
146,0.517368663,0
146,0,0
147,0.224496113,0
147,0.001266123,0
147,0,0
147,0.073047285,0
147,0.343197182,0
147,0.473564831,0
147,0.481644297,0
147,0.475204712,0
147,0.479332327,0
147,0.481585428,0
147,0.481434039,0
147,0.483853895,0
147,0.486105068,0
147,0.46607571,0
147,0.434123971,0
147,0.72610524,0
147,0.969714843,0
147,1,0
147,1,0
147,0.999746524,0
147,0.719015743,0
147,0.408498484,0
147,0.308535526,0
148,0.133789949,0
148,0,0
148,0.000182786,0
148,0.070300833,0
148,0.337305264,0
148,0.471514701,0
148,0.476738258,0
148,0.47703695,0
148,0.478665003,0
148,0.477718347,0
148,0.479014897,0
148,0.480764422,0
148,0.472890063,0
148,0.40136283,0
148,0.38549709,0
148,0.696699125,0
148,0.832241179,0
148,0.999980543,0
148,1,0
148,1,0
148,0.996568068,0
148,0.718358497,0
148,0.316680319,0
149,0.131039065,0
149,0,0
149,0.001660291,0
149,0.058731391,0
149,0.318050494,0
149,0.473343968,0
149,0.482657606,0
149,0.481287638,0
149,0.477088532,0
149,0.459729957,0
149,0.477244432,0
149,0.472726648,0
149,0.422066482,0
149,0.474692638,0
149,0.339424024,0
149,0.673857103,0
149,0.753013782,0
149,0.999729056,0
149,1,0
149,1,0
149,1,0
149,0.971190965,0
149,0.422214487,0
150,0.325793265,0
150,0.17983928,0
150,0.176907302,0
150,0.261879395,0
150,0.530430923,0
150,0.56884435,0
150,0.583359015,0
150,0.570897428,0
150,0.572566569,0
150,0.574739483,0
150,0.575864598,0
150,0.574639437,0
150,0.568307148,0
150,0.574419557,0
150,0.605417095,0
150,0.862443384,0
150,1,0
150,1,0
150,1,0
150,0.99999814,0
150,0.786044806,0
150,0.502948756,0
150,0,0
151,0.225236662,0
151,0.180574562,0
151,0.179892509,0
151,0.256693593,0
151,0.525186414,0
151,0.685648935,0
151,0.71870282,0
151,0.572358174,0
151,0.575399752,0
151,0.577942536,0
151,0.576813955,0
151,0.574678851,0
151,0.569854971,0
151,0.571033393,0
151,0.616397234,0
151,0.859864441,0
151,0.999388814,0
151,1,0
151,1,0
151,1,0
151,0.771960941,0
151,0.467240544,0
151,0,0
152,0.287481128,0
152,0,0
152,0.002846511,0
152,0.04770818,0
152,0.308050857,0
152,0.455801844,0
152,0.480340836,0
152,0.482247398,0
152,0.474028578,0
152,0.473959875,0
152,0.482325607,0
152,0.48272462,0
152,0.483948252,0
152,0.481917624,0
152,0.474112083,0
152,0.719456953,0
152,0.994397835,0
152,1,0
152,1,0
152,1,0
152,0.942952508,0
152,0.384364509,0
152,0.432721011,0
153,0.133182796,0
153,0.180098522,1
153,0.176379126,1
153,0.212994854,1
153,0,1
153,0.574962256,1
153,0.546876764,1
153,0.571726118,1
153,0.554299332,1
153,0.54876627,1
153,0.568901767,1
153,0.569693299,1
153,0.533713529,1
153,0.569149203,1
153,0.545525729,1
153,0.767826394,1
153,0.862443384,1
153,0.999939662,1
153,1,1
153,1,1
153,1,1
153,0.999853524,1
153,0.752849364,1
154,0.455512495,1
154,0.176726317,0
154,0.172259764,0
154,0.274147899,0
154,0.542722636,0
154,0.614289471,0
154,0.71870282,0
154,0.559009321,0
154,0.574863412,0
154,0.576492637,0
154,0.574333663,0
154,0.568483084,0
154,0.574594322,0
154,0.574447486,0
154,0.621304677,0
154,0.862443384,0
154,0.999639832,0
154,1,0
154,1,0
154,1,0
154,0.831814832,0
154,0.47654094,0
154,0,0
155,0.278724134,0
155,0.181267902,0
155,0.180531306,0
155,0.23819849,0
155,0.452069667,0
155,0.56953214,0
155,0.575839002,0
155,0.568916267,0
155,0.557454815,0
155,0.574112884,0
155,0.559455968,0
155,0.56401339,0
155,0.535527882,0
155,0.574429969,0
155,0.464963736,0
155,0.601323325,0
155,0.80138086,0
155,0.943393496,0
155,0.998980687,0
155,1,0
155,0.83328426,0
155,0.43127001,0
155,0,0
156,0.261540406,0
156,0.181071691,0
156,0.179432019,0
156,0.238950759,0
156,0.454428704,0
156,0.570031982,0
156,0.572625019,0
156,0.567899745,0
156,0.570883567,0
156,0.574130616,0
156,0.574564421,0
156,0.574147122,0
156,0.553009235,0
156,0.555536469,0
156,0.513920914,0
156,0.780596583,0
156,0.794915614,0
156,0.989410433,0
156,1,0
156,1,0
156,0.999976918,0
156,0.733156,0
156,0.441509318,0
157,0,0
157,0.176768044,0
157,0.17838035,0
157,0.237153056,0
157,0.450968059,0
157,0.570294781,0
157,0.575773874,0
157,0.575231668,0
157,0.572852151,0
157,0.572335966,0
157,0.568808771,0
157,0.560982091,0
157,0.512622482,0
157,0.574962256,0
157,0.492225156,0
157,0.602315922,0
157,0.796929656,0
157,0.993642997,0
157,1,0
157,1,0
157,1,0
157,0.870637548,0
157,0.489356838,0
158,0,0
158,0.00524288,0
158,0.004051995,0
158,0.109020528,0
158,0.424477671,0
158,0.738044949,0
158,0.720471122,0
158,0.468338782,0
158,0.478744131,0
158,0.482367864,0
158,0.483963842,0
158,0.482867039,0
158,0.481522489,0
158,0.483160314,0
158,0.514899014,0
158,0.82802586,0
158,0.999916626,0
158,1,0
158,1,0
158,0.998788201,0
158,0.743226522,0
158,0.362897847,0
158,0.134527357,0
159,0,0
159,0.000743113,0
159,0,0
159,0.084491938,0
159,0.442996899,0
159,0.540583891,0
159,0.631849471,0
159,0.465993375,0
159,0.474994645,0
159,0.477862199,0
159,0.48245445,0
159,0.48078883,0
159,0.480164505,0
159,0.461260009,0
159,0.458625084,0
159,0.794922602,0
159,0.999460379,0
159,1,0
159,1,0
159,1,0
159,0.895517301,0
159,0.520005529,0
159,0.481645034,0
160,0.131047299,0
160,0.000305836,0
160,0,0
160,0.079834525,0
160,0.361607828,0
160,0.472601784,0
160,0.468312398,0
160,0.478535364,0
160,0.478630472,0
160,0.476164513,0
160,0.476619017,0
160,0.47674437,0
160,0.478132682,0
160,0.43325914,0
160,0.45930262,0
160,0.762875752,0
160,0.956478495,0
160,1,0
160,1,0
160,1,0
160,0.996019299,0
160,0.691078191,0
160,0.379043535,0
161,0.131477959,0
161,0.00010854,0
161,0,0
161,0.050340483,0
161,0.310792826,0
161,0.478736494,0
161,0.481181526,0
161,0.479523631,0
161,0.463441556,0
161,0.453578555,0
161,0.474926286,0
161,0.479338669,0
161,0.449333077,0
161,0.462592593,0
161,0.385964306,0
161,0.653191839,0
161,0.832299548,0
161,1,0
161,1,0
161,1,0
161,1,0
161,0.821527463,0
161,0.414537284,0
162,0.32618521,0
162,0,0
162,0.003445652,0
162,0.073351918,0
162,0.455416349,0
162,0.528751252,0
162,0.52955576,0
162,0.478196982,0
162,0.484462863,0
162,0.480870455,0
162,0.599696295,0
162,0.532330028,0
162,0.491029764,0
162,0.490889365,0
162,0.680915927,0
162,0.886966625,0
162,1,0
162,1,0
162,1,0
162,0.998865675,0
162,0.734236221,0
162,0.386783491,0
162,0.137572646,0
163,0.050089127,0
163,0.181222461,0
163,0.18038337,0
163,0.256433308,0
163,0.514268379,0
163,0.660608415,0
163,0.722005504,0
163,0.533214756,0
163,0.576978568,0
163,0.577185924,0
163,0.574415537,0
163,0.567297606,0
163,0.57435216,0
163,0.573263886,0
163,0.606908829,0
163,0.808524055,0
163,0.996101253,0
163,1,0
163,1,0
163,0.999994848,0
163,0.798000672,0
163,0.566453246,0
163,0,0
164,0.244560347,0
164,0.002056591,0
164,0,0
164,0.073634037,0
164,0.333724413,0
164,0.492816397,0
164,0.58579057,0
164,0.473347073,0
164,0.482254455,0
164,0.480790281,0
164,0.480403394,0
164,0.483079242,0
164,0.482348461,0
164,0.432773109,0
164,0.431325582,0
164,0.744128654,0
164,0.970773655,0
164,1,0
164,1,0
164,1,0
164,0.999400246,0
164,0.692536638,0
164,0.350142884,0
165,0.131833308,0
165,0.181350642,0
165,0.180591789,0
165,0.225562869,0
165,0.451858286,0
165,0.567162699,0
165,0.57654251,0
165,0.57292503,0
165,0.568510351,0
165,0.564237201,0
165,0.571267323,0
165,0.571749852,0
165,0.568296807,0
165,0.546810365,0
165,0.497904034,0
165,0.565951427,0
165,0.783302653,0
165,0.99854886,0
165,1,0
165,1,0
165,1,0
165,0.938489718,0
165,0.623357449,0
166,0,0
166,0.009908657,0
166,0.009047653,0
166,0.100354437,0
166,0.422241654,0
166,0.477147032,0
166,0.515629944,0
166,0.48127145,0
166,0.479664211,0
166,0.484919807,0
166,0.485705661,0
166,0.48748767,0
166,0.488073306,0
166,0.463233542,0
166,0.4661563,0
166,0.768432577,0
166,0.997758344,0
166,1,0
166,1,0
166,0.995368595,0
166,0.680652756,0
166,0.335496099,0
166,0.13839759,0
167,0,0
167,0.001680849,0
167,0,0
167,0.078811926,0
167,0.413765754,0
167,0.657029709,0
167,0.653805616,0
167,0.474783754,0
167,0.482685549,0
167,0.481462623,0
167,0.481957443,0
167,0.48284256,0
167,0.483094542,0
167,0.472766238,0
167,0.468526485,0
167,0.737695941,0
167,0.991212553,0
167,1,0
167,1,0
167,1,0
167,0.937893012,0
167,0.369677019,0
167,0.306616325,0
168,0.129266852,0
168,0.002424796,0
168,0,0
168,0.091744983,0
168,0.366427176,0
168,0.48641407,0
168,0.485034292,0
168,0.480025819,0
168,0.476107393,0
168,0.483395129,0
168,0.484379422,0
168,0.480694214,0
168,0.480432073,0
168,0.425827933,0
168,0.44505993,0
168,0.679585353,0
168,0.940558423,0
168,1,0
168,1,0
168,1,0
168,0.995627563,0
168,0.707379389,0
168,0.317950378,0
169,0.133451362,0
169,0,0
169,0.000723538,0
169,0.066188038,0
169,0.328574955,0
169,0.470852682,0
169,0.478116328,0
169,0.470828469,0
169,0.475731233,0
169,0.475478464,0
169,0.478937948,0
169,0.47443888,0
169,0.473552158,0
169,0.442409522,0
169,0.387383461,0
169,0.71265327,0
169,0.912654044,0
169,1,0
169,1,0
169,1,0
169,1,0
169,0.972811669,0
169,0.404725324,0
170,0.355728379,0
170,0.012212457,0
170,0.006973187,0
170,0.122860813,0
170,0.461104278,0
170,0.476448413,0
170,0.483540755,0
170,0.486224748,0
170,0.488457731,0
170,0.487505002,0
170,0.487662768,0
170,0.485134992,0
170,0.482963032,0
170,0.483584916,0
170,0.489264751,0
170,0.778976558,0
170,0.999998388,0
170,1,0
170,1,0
170,0.951726099,0
170,0.660216222,0
170,0.344840077,0
170,0.141620459,0
171,0,0
171,0.000646701,0
171,0,0
171,0.077147859,0
171,0.375817619,0
171,0.475729665,0
171,0.489344255,0
171,0.470750867,0
171,0.475454462,0
171,0.463999125,0
171,0.472655224,0
171,0.476905254,0
171,0.478690349,0
171,0.428314132,0
171,0.45176712,0
171,0.756396871,0
171,0.956346851,0
171,0.999780684,0
171,0.999780684,0
171,1,0
171,0.699875692,0
171,0.365157358,0
171,0.332613504,0
172,0.130307062,0
172,0.179542879,0
172,0.178804396,0
172,0.251734136,0
172,0.45395697,0
172,0.669516818,0
172,0.71870282,0
172,0.643785214,0
172,0.569599185,0
172,0.569932451,0
172,0.568482084,0
172,0.573406263,0
172,0.572077188,0
172,0.565017202,0
172,0.565158028,0
172,0.637263518,0
172,0.846704118,0
172,0.999231612,0
172,1,0
172,1,0
172,0.981838683,0
172,0.502263151,0
172,0,0
173,0,0
173,0.000981893,0
173,0,0
173,0.053426581,0
173,0.33390862,0
173,0.470260745,0
173,0.480564494,0
173,0.475995171,0
173,0.469116269,0
173,0.474024675,0
173,0.474014418,0
173,0.460774965,0
173,0.450963604,0
173,0.462361745,0
173,0.375272557,0
173,0.560530912,0
173,0.759537639,0
173,0.997228037,0
173,1,0
173,1,0
173,1,0
173,0.932632831,0
173,0.439071103,0
174,0.353795677,0
174,0.004342727,0
174,0,0
174,0.122500807,0
174,0.48847502,0
174,0.475726402,0
174,0.554029159,0
174,0.46885431,0
174,0.482452257,0
174,0.483619173,0
174,0.48368704,0
174,0.482398173,0
174,0.484741393,0
174,0.480170616,0
174,0.538329191,0
174,0.796480552,0
174,0.996788596,0
174,0.999793671,0
174,1,0
174,0.995230914,0
174,0.705451008,0
174,0.350975875,0
174,0.134179407,0
175,0.031905155,0
175,0.180319411,0
175,0.179168499,0
175,0.259333915,0
175,0.52106505,0
175,0.57255418,0
175,0.583204728,0
175,0.5703346,0
175,0.575489991,0
175,0.575716997,0
175,0.576642942,0
175,0.57845644,0
175,0.577191773,0
175,0.569832438,0
175,0.569977037,0
175,0.789099342,0
175,0.994805972,0
175,1,0
175,1,0
175,1,0
175,0.787587617,0
175,0.476512033,0
175,0,0
176,0.211552984,0
176,0.18099954,0
176,0.179382841,0
176,0.255146255,0
176,0.4979794,0
176,0.570547863,0
176,0.572334931,0
176,0.575869687,0
176,0.573786903,0
176,0.568613667,0
176,0.566362444,0
176,0.57004032,0
176,0.571208749,0
176,0.516092939,0
176,0.498962506,0
176,0.782220148,0
176,0.926586185,0
176,0.999994921,0
176,1,0
176,1,0
176,0.996363151,0
176,0.704785337,0
176,0,0
177,0.287322154,0
177,0.180657633,0
177,0.179503759,0
177,0.249022603,0
177,0.476441036,0
177,0.571449382,0
177,0.577543242,0
177,0.571200554,0
177,0.575960962,0
177,0.574001498,0
177,0.573085085,0
177,0.573172213,0
177,0.55832214,0
177,0.552446108,0
177,0.506407673,0
177,0.730979722,0
177,0.862443384,0
177,0.997319909,0
177,1,0
177,1,0
177,1,0
177,0.813543965,0
177,0.499353257,0
178,0,0
178,0.004527826,0
178,0,0
178,0.128690256,0
178,0.445329345,0
178,0.495422365,0
178,0.658555574,0
178,0.475225625,0
178,0.481943538,0
178,0.482056047,0
178,0.486980857,0
178,0.485741248,0
178,0.481073668,0
178,0.483843901,0
178,0.677903197,0
178,0.859337789,0
178,1,0
178,1,0
178,1,0
178,0.998045639,0
178,0.685018312,0
178,0.371805746,0
178,0.135129628,0
179,0.01273932,0
179,0.001006054,0
179,0,0
179,0.071120002,0
179,0.346722393,0
179,0.467923089,0
179,0.479021993,0
179,0.481362107,0
179,0.479546166,0
179,0.479410063,0
179,0.472255145,0
179,0.475099085,0
179,0.460491323,0
179,0.447032491,0
179,0.354670652,0
179,0.505453045,0
179,0.79003405,0
179,0.916158998,0
179,0.997249167,0
179,1,0
179,0.869014971,0
179,0.370668024,0
179,0.323688743,0
180,0.130709038,0
180,0,0
180,0.000769459,0
180,0.0535958,0
180,0.321285805,0
180,0.476051832,0
180,0.472752537,0
180,0.474935504,0
180,0.482910528,0
180,0.481903507,0
180,0.481889659,0
180,0.480743297,0
180,0.475444598,0
180,0.429199901,0
180,0.409820645,0
180,0.740771178,0
180,0.964666278,0
180,1,0
180,1,0
180,1,0
180,0.941662093,0
180,0.442353997,0
180,0.306539713,0
181,0.131289759,0
181,0.180219063,0
181,0.179368194,0
181,0.224126564,0
181,0.436265824,0
181,0.575878188,0
181,0.573093088,0
181,0.568993872,0
181,0.572223183,0
181,0.545573171,0
181,0.551517978,0
181,0.560195177,0
181,0.547988647,0
181,0.574962256,0
181,0.486583144,0
181,0.700805911,0
181,0.812114043,0
181,0.978719655,0
181,1,0
181,1,0
181,1,0
181,0.867249497,0
181,0.47513827,0
182,0,0
182,0.181202561,0
182,0.179953323,0
182,0.275042992,0
182,0.587531771,0
182,0.713863048,0
182,0.754377895,0
182,0.613997847,0
182,0.573382129,0
182,0.576459019,0
182,0.577380553,0
182,0.576081531,0
182,0.573025975,0
182,0.56904095,0
182,0.56382305,0
182,0.814959666,0
182,0.999885654,0
182,1,0
182,1,0
182,0.997449885,0
182,0.718410399,0
182,0.484308702,0
182,0,0
183,0.207852639,0
183,0.181216472,0
183,0.180251749,0
183,0.250505313,0
183,0.506481315,0
183,0.574677277,0
183,0.676336546,0
183,0.562857408,0
183,0.57460031,0
183,0.571348362,0
183,0.574184903,0
183,0.576875518,0
183,0.574465101,0
183,0.518336313,0
183,0.584746588,0
183,0.824361126,0
183,0.990687446,0
183,1,0
183,1,0
183,1,0
183,0.909188068,0
183,0.450339735,0
183,0,0
184,0.245967918,0
184,0.178594954,0
184,0.176858086,0
184,0.254536686,0
184,0.522941564,0
184,0.619905489,0
184,0.655859649,0
184,0.566110614,0
184,0.576699102,0
184,0.576992749,0
184,0.576517956,0
184,0.576413951,0
184,0.575090524,0
184,0.507565232,0
184,0.569087702,0
184,0.79285181,0
184,0.983572352,0
184,1,0
184,1,0
184,1,0
184,0.999807728,0
184,0.75161851,0
184,0.431221692,0
185,0,0
185,0.178354688,0
185,0.179821245,0
185,0.239672783,0
185,0.470655623,0
185,0.570200049,0
185,0.573487201,0
185,0.567799164,0
185,0.562559349,0
185,0.561094034,0
185,0.570336546,0
185,0.571977994,0
185,0.547035055,0
185,0.524300008,0
185,0.530602586,0
185,0.762924575,0
185,0.928556083,0
185,1,0
185,1,0
185,1,0
185,0.999287363,0
185,0.78873834,0
185,0.509695974,0
186,0,0
186,0.002318036,0
186,0,0
186,0.079164912,0
186,0.385739034,0
186,0.479446865,0
186,0.553212774,0
186,0.470017836,0
186,0.480267392,0
186,0.483708744,0
186,0.48412538,0
186,0.482839774,0
186,0.481207758,0
186,0.473754725,0
186,0.477877046,0
186,0.824570388,0
186,0.996633036,0
186,1,0
186,1,0
186,0.999322342,0
186,0.700139178,0
186,0.371192109,0
186,0.132107773,0
187,0.003421077,0
187,0.002930869,0
187,0,0
187,0.09084305,0
187,0.361245091,0
187,0.549179483,0
187,0.550134816,0
187,0.474119852,0
187,0.472446937,0
187,0.472126663,0
187,0.486299135,0
187,0.483817589,0
187,0.478648514,0
187,0.394675849,0
187,0.3931055,0
187,0.68603866,0
187,0.878586469,0
187,1,0
187,1,0
187,1,0
187,0.997359586,0
187,0.568691281,0
187,0.33471546,0
188,0.132608025,0
188,0,1
188,0.010142954,1
188,0.108623791,1
188,0.594880905,1
188,0.831908063,1
188,0.875471804,1
188,0.703459103,1
188,0.660613825,1
188,0.709616106,1
188,0.81112029,1
188,0.831571427,1
188,0.770621447,1
188,0.741181648,1
188,0.726961587,1
188,0.979743073,1
188,1,1
188,1,1
188,1,1
188,1,1
188,1,1
188,0.996202799,1
188,0.834037391,1
189,0.608472354,1
189,0.436430671,1
189,0.2554999,1
189,0.178306184,1
189,0.222675146,1
189,0,1
189,0.575257585,1
189,0.510872778,1
189,0.626478998,1
189,0.857148148,1
189,0.862886377,1
189,0.856106944,1
189,0.893551452,1
189,0.8280099,1
189,0.796153007,1
189,0.747585041,1
189,0.74927209,1
189,0.904339445,1
189,1,1
189,0.995136299,1
189,0.759482133,1
189,0.568783076,1
189,0.547222519,1
190,0.281381794,1
190,0.007726802,0
190,0.00395622,0
190,0.117964221,0
190,0.486632043,0
190,0.735118317,0
190,0.711916715,0
190,0.459377261,0
190,0.479483552,0
190,0.48334174,0
190,0.484312605,0
190,0.485116114,0
190,0.481468915,0
190,0.478864141,0
190,0.576781239,0
190,0.833820014,0
190,1,0
190,1,0
190,1,0
190,0.980685404,0
190,0.570707943,0
190,0.359925796,0
190,0.136526645,0
191,0,0
191,0.181270001,0
191,0.180707933,0
191,0.244705993,0
191,0.486880365,0
191,0.646671413,0
191,0.604734363,0
191,0.570648682,0
191,0.569275091,0
191,0.572166195,0
191,0.573590463,0
191,0.573488863,0
191,0.573830575,0
191,0.49245515,0
191,0.517484028,0
191,0.77651766,0
191,0.862288469,0
191,0.999820377,0
191,1,0
191,0.995433115,0
191,0.792901308,0
191,0.475355837,0
191,0,0
192,0.229025364,0
192,0.002527715,0
192,0,0
192,0.085691006,0
192,0.423607208,0
192,0.65765956,0
192,0.692013651,0
192,0.577682671,0
192,0.480607102,0
192,0.484429393,0
192,0.481831409,0
192,0.484982628,0
192,0.483389402,0
192,0.408549985,0
192,0.443031258,0
192,0.701721584,0
192,0.948907742,0
192,1,0
192,1,0
192,1,0
192,0.997380399,0
192,0.566894896,0
192,0.346267087,0
193,0.132860046,0
193,0,0
193,0.000383818,0
193,0.062074858,0
193,0.335533206,0
193,0.468188478,0
193,0.477180423,0
193,0.466613865,0
193,0.45898272,0
193,0.465017406,0
193,0.466989238,0
193,0.472999138,0
193,0.448767894,0
193,0.478067047,0
193,0.347974578,0
193,0.660122577,0
193,0.83137231,0
193,0.999531188,0
193,1,0
193,1,0
193,1,0
193,0.854863516,0
193,0.451493389,0
194,0.433977131,0
194,0.180301186,0
194,0.175991468,0
194,0.260860104,0
194,0.538078917,0
194,0.672187975,0
194,0.701125057,0
194,0.562145386,0
194,0.573037809,0
194,0.573830776,0
194,0.575896261,0
194,0.575526627,0
194,0.574552656,0
194,0.570759956,0
194,0.592624392,0
194,0.863046459,0
194,1,0
194,1,0
194,1,0
194,1,0
194,0.821686616,0
194,0.433281899,0
194,0,0
195,0.234530737,0
195,0.181079455,0
195,0.180724908,0
195,0.236479383,0
195,0.452477673,0
195,0.652752557,0
195,0.701562485,0
195,0.562148987,0
195,0.577057185,0
195,0.575177557,0
195,0.57171955,0
195,0.574642409,0
195,0.57382326,0
195,0.491406522,0
195,0.493457281,0
195,0.78444858,0
195,0.959848526,0
195,1,0
195,1,0
195,1,0
195,0.997033976,0
195,0.834264748,0
195,0,0
196,0.277692193,0
196,0.180492932,0
196,0.181066311,0
196,0.24375568,0
196,0.469892871,0
196,0.629016347,0
196,0.612023708,0
196,0.568377188,0
196,0.573549207,0
196,0.573960124,0
196,0.574159049,0
196,0.573256783,0
196,0.554597794,0
196,0.573735166,0
196,0.498562249,0
196,0.72205248,0
196,0.862443384,0
196,1,0
196,1,0
196,1,0
196,1,0
196,0.807220168,0
196,0.436337844,0
197,0,0
197,0.001551352,0
197,0,0
197,0.076573098,0
197,0.369235937,0
197,0.464180848,0
197,0.471777234,0
197,0.475626033,0
197,0.473426796,0
197,0.47795551,0
197,0.477668711,0
197,0.474061389,0
197,0.469165801,0
197,0.407443662,0
197,0.402512639,0
197,0.732091855,0
197,0.954233544,0
197,1,0
197,1,0
197,1,0
197,1,0
197,1,0
197,0.745180689,0
198,0.36404773,0
198,0.012112026,0
198,0.011577385,0
198,0.066134813,0
198,0.348204778,0
198,0.479329596,0
198,0.491295978,0
198,0.426465527,0
198,0.495742877,0
198,0.495742877,0
198,0.495742718,0
198,0.477893601,0
198,0.479842251,0
198,0.495742877,0
198,0.418840885,0
198,0.624031919,0
198,0.812127912,0
198,1,0
198,0.742033152,0
198,0.800396112,0
198,0.476203536,0
198,0.329521356,0
198,0.142530048,0
199,0,0
199,0.001250384,0
199,0,0
199,0.073323571,0
199,0.359190185,0
199,0.470409202,0
199,0.474476964,0
199,0.472001731,0
199,0.477576088,0
199,0.478333378,0
199,0.479178446,0
199,0.480153103,0
199,0.480981904,0
199,0.381309545,0
199,0.389065327,0
199,0.694903751,0
199,0.834855578,0
199,0.999885669,0
199,1,0
199,1,0
199,1,0
199,0.700160569,0
199,0.326386286,0
200,0.130671631,0
200,0.179440595,0
200,0.179911065,0
200,0.232203038,0
200,0.455561587,0
200,0.573697674,0
200,0.575351317,0
200,0.574338129,0
200,0.572581056,0
200,0.572937033,0
200,0.574886156,0
200,0.574213497,0
200,0.569469442,0
200,0.537211437,0
200,0.500096629,0
200,0.781951636,0
200,0.896435173,0
200,1,0
200,1,0
200,1,0
200,0.999992501,0
200,0.792106788,0
200,0.456842171,0
201,0,0
201,0,0
201,0.005323189,0
201,0.066814304,0
201,0.354941555,0
201,0.479094928,0
201,0.500189224,0
201,0.475129742,0
201,0.485185166,0
201,0.487421295,0
201,0.486576716,0
201,0.487096593,0
201,0.474333226,0
201,0.353402965,0
201,0.35729295,0
201,0.558980636,0
201,0.826944971,0
201,0.999552422,0
201,1,0
201,1,0
201,1,0
201,1,0
201,0.774700274,0
202,0.347457503,0
202,0.178422724,0
202,0.176712949,0
202,0.249557177,0
202,0.486204636,0
202,0.575327431,0
202,0.616357347,0
202,0.562201487,0
202,0.574213456,0
202,0.580753869,0
202,0.711862753,0
202,0.785241322,0
202,0.7238439,0
202,0.571158631,0
202,0.736884704,0
202,0.862443384,0
202,0.998247243,0
202,1,0
202,1,0
202,0.999999285,0
202,0.782055688,0
202,0.551559446,0
202,0.504841447,0
203,0,0
203,0.179604574,0
203,0.179739672,0
203,0.225286435,0
203,0.450913783,0
203,0.612267942,0
203,0.71870282,0
203,0.578039722,0
203,0.63388788,0
203,0.71870282,0
203,0.591466288,0
203,0.592271193,0
203,0.572022326,0
203,0.571964013,0
203,0.623941455,0
203,0.854943174,0
203,1,0
203,1,0
203,1,0
203,1,0
203,0.989982917,0
203,0.733755674,0
203,0.462896292,0
204,0,0
204,0.172944334,0
204,0.177096724,0
204,0.240295916,0
204,0.466097287,0
204,0.575581117,0
204,0.664624632,0
204,0.621608102,0
204,0.71870282,0
204,0.747496632,0
204,0.789076113,0
204,0.861493668,0
204,0.801977222,0
204,0.573647331,0
204,0.628411751,0
204,0.862443384,0
204,1,0
204,0.99936019,0
204,0.920837058,0
204,0.862443384,0
204,0.742926269,0
204,0.53084779,0
204,0.484248125,0
205,0,0
205,0.009213199,1
205,0,1
205,0.076530731,1
205,0.311132496,1
205,0.440167684,1
205,0.503435468,1
205,0.659311047,1
205,0.811733694,1
205,0.977212693,1
205,0.999953791,1
205,1,1
205,1,1
205,0.894248338,1
205,0.852316318,1
205,0.999994505,1
205,1,1
205,0.991378807,1
205,0.833400322,1
205,0.820647866,1
205,0.768979491,1
205,0.740245582,1
205,0.452722023,1
206,0.45400026,1
206,0.181679775,0
206,0.182055419,0
206,0.177469081,0
206,0.163848908,0
206,0,0
206,0.578105934,0
206,0.578105934,0
206,0.548314219,0
206,0.558436092,0
206,0.575899195,0
206,0.577888728,0
206,0.576776512,0
206,0.579979689,0
206,0.576303932,0
206,0.765726059,0
206,0.977298856,0
206,1,0
206,0.812192088,0
206,0.757230089,0
206,0.59969902,0
206,0.510086732,0
206,0.578105934,0
207,0.289052967,0
207,0.168718969,0
207,0.176330196,0
207,0.212652062,0
207,0,0
207,0.494998615,0
207,0.562598581,0
207,0.573231338,0
207,0.57755568,0
207,0.572680401,0
207,0.570176814,0
207,0.579392214,0
207,0.615099347,0
207,0.565238971,0
207,0.730495798,0
207,0.885701437,0
207,1,0
207,1,0
207,1,0
207,1,0
207,0.989599965,0
207,0.774024777,0
207,0.523705439,0
208,0.484243816,0
208,0.163825947,0
208,0.182919273,0
208,0.176369442,0
208,0.165011474,0
208,0,0
208,0.556538295,0
208,0.574962256,0
208,0.574962256,0
208,0.557531517,0
208,0.57237914,0
208,0.575498449,0
208,0.574829245,0
208,0.574010596,0
208,0.573330991,0
208,0.75695291,0
208,0.862443384,0
208,0.976068331,0
208,0.997464172,0
208,1,0
208,1,0
208,0.853959909,0
208,0.563656956,0
209,0.494982234,0
209,0.171830366,1
209,0.181903532,1
209,0.17837828,1
209,0.159818535,1
209,0.162528222,1
209,0,1
209,0,1
209,0,1
209,0.574962256,1
209,0.574004792,1
209,0.574962256,1
209,0.574962256,1
209,0.571215232,1
209,0.553224319,1
209,0.575680608,1
209,0.577942516,1
209,0.71870282,1
209,0.775303426,1
209,0.862443384,1
209,0.841554806,1
209,0.861950491,1
209,0.989118844,1
